yyyymmddhh,TX01
1,20.5
2,20.7
3,20.7
4,20.5
5,20.2
6,20.0
7,20.5
8,20.8
9,21.8
10,24.2
11,25.7
12,26.0
13,26.5
14,27.2
15,26.1
16,25.1
17,23.5
18,22.9
19,22.6
20,22.5
21,22.3
22,21.6
23,20.8
24,19.9
1,19.5
2,19.1
3,19.1
4,18.0
5,18.2
6,18.0
7,18.2
8,18.7
9,20.7
10,22.9
11,24.5
12,26.1
13,24.2
14,25.7
15,25.2
16,23.4
17,22.9
18,22.2
19,21.7
20,21.1
21,20.8
22,20.8
23,21.0
24,21.1
1,20.9
2,21.0
3,20.9
4,20.5
5,20.2
6,20.4
7,19.8
8,20.5
9,21.0
10,20.9
11,20.9
12,21.1
13,21.9
14,21.6
15,20.5
16,20.3
17,20.2
18,20.3
19,20.4
20,20.6
21,20.5
22,20.6
23,20.5
24,20.5
1,20.7
2,21.2
3,21.0
4,20.7
5,20.9
6,20.9
7,20.9
8,21.3
9,23.6
10,25.5
11,25.4
12,25.5
13,26.1
14,26.2
15,26.7
16,26.2
17,24.8
18,23.8
19,23.1
20,22.7
21,22.7
22,22.5
23,22.4
24,22.2
1,22.2
2,20.6
3,20.3
4,19.8
5,19.3
6,19.6
7,19.5
8,20.3
9,22.3
10,23.7
11,24.1
12,25.2
13,26.1
14,25.6
15,24.7
16,24.1
17,23.2
18,22.7
19,22.8
20,22.1
21,22.3
22,22.3
23,22.3
24,22.0
1,20.9
2,20.7
3,20.3
4,20.7
5,20.7
6,20.6
7,20.9
8,21.1
9,21.6
10,22.6
11,25.0
12,25.4
13,24.6
14,23.9
15,23.6
16,23.1
17,22.9
18,22.7
19,22.8
20,22.2
21,21.4
22,21.8
23,21.8
24,21.8
1,21.6
2,21.5
3,21.4
4,21.5
5,21.5
6,21.4
7,21.2
8,21.4
9,22.2
10,24.3
11,24.8
12,26.1
13,26.1
14,26.3
15,25.2
16,23.0
17,22.4
18,22.2
19,21.8
20,21.7
21,21.4
22,21.4
23,21.5
24,21.5
1,21.4
2,21.1
3,20.8
4,20.8
5,20.6
6,20.5
7,20.4
8,20.8
9,21.4
10,21.5
11,22.3
12,20.9
13,20.7
14,21.0
15,20.1
16,20.2
17,19.5
18,19.1
19,18.8
20,18.7
21,18.6
22,18.5
23,18.6
24,18.2
1,18.1
2,18.1
3,18.3
4,18.1
5,18.0
6,18.1
7,18.1
8,18.2
9,17.9
10,18.4
11,18.4
12,18.2
13,17.7
14,17.5
15,17.2
16,17.3
17,16.9
18,16.9
19,16.9
20,17.0
21,17.2
22,17.1
23,17.1
24,17.0
1,16.9
2,17.0
3,17.0
4,17.2
5,17.2
6,17.3
7,17.4
8,17.9
9,19.0
10,19.7
11,19.8
12,20.4
13,20.1
14,20.6
15,20.7
16,20.2
17,19.0
18,18.7
19,18.9
20,18.8
21,18.8
22,18.6
23,18.4
24,18.5
1,18.4
2,18.4
3,18.4
4,18.5
5,18.7
6,18.7
7,18.5
8,18.9
9,19.3
10,19.7
11,21.1
12,21.3
13,20.7
14,21.0
15,20.9
16,20.3
17,19.9
18,19.7
19,19.5
20,19.3
21,19.6
22,19.3
23,19.3
24,19.2
1,19.0
2,19.3
3,19.2
4,19.2
5,19.4
6,19.8
7,19.7
8,19.4
9,19.2
10,20.4
11,20.7
12,21.7
13,21.5
14,21.5
15,22.1
16,21.3
17,20.4
18,20.0
19,20.0
20,19.8
21,19.4
22,19.1
23,18.7
24,18.3
1,18.2
2,18.0
3,17.6
4,17.1
5,16.4
6,16.4
7,16.4
8,16.7
9,16.3
10,15.6
11,15.8
12,15.6
13,15.7
14,15.5
15,15.5
16,15.2
17,15.1
18,14.8
19,14.7
20,14.3
21,14.3
22,14.4
23,14.2
24,14.1
1,13.8
2,13.5
3,13.5
4,12.9
5,12.7
6,12.7
7,12.5
8,12.4
9,12.6
10,13.1
11,13.5
12,13.6
13,14.0
14,14.1
15,14.8
16,15.2
17,15.3
18,15.3
19,15.3
20,14.1
21,14.1
22,13.7
23,13.7
24,13.4
1,13.8
2,14.5
3,14.3
4,14.4
5,14.0
6,13.4
7,14.1
8,14.2
9,14.1
10,14.6
11,14.4
12,13.9
13,14.0
14,13.8
15,14.3
16,13.7
17,13.6
18,13.7
19,13.8
20,13.8
21,13.7
22,13.6
23,13.7
24,13.7
1,13.6
2,13.8
3,13.9
4,13.7
5,13.7
6,13.8
7,13.5
8,14.1
9,14.5
10,15.3
11,16.0
12,16.0
13,15.2
14,15.6
15,15.8
16,15.8
17,15.8
18,15.9
19,16.1
20,15.9
21,16.0
22,16.0
23,16.2
24,16.2
1,16.2
2,16.3
3,16.2
4,16.1
5,16.0
6,16.2
7,16.4
8,17.2
9,18.2
10,19.4
11,20.6
12,21.7
13,22.1
14,22.7
15,22.2
16,21.6
17,21.1
18,20.5
19,20.4
20,20.3
21,20.2
22,19.9
23,19.7
24,19.0
1,18.7
2,18.4
3,18.2
4,18.7
5,18.2
6,18.1
7,18.2
8,18.4
9,20.8
10,22.5
11,21.7
12,23.6
13,23.3
14,23.2
15,23.0
16,20.6
17,20.0
18,19.9
19,19.9
20,19.7
21,19.7
22,19.5
23,19.7
24,19.6
1,19.6
2,19.3
3,19.1
4,19.1
5,18.8
6,18.5
7,18.6
8,18.8
9,18.9
10,18.9
11,19.7
12,21.4
13,21.5
14,21.5
15,20.8
16,19.9
17,19.2
18,19.1
19,18.6
20,18.9
21,18.9
22,18.7
23,18.5
24,18.0
1,17.1
2,17.1
3,16.2
4,15.8
5,15.8
6,15.6
7,15.1
8,15.4
9,15.2
10,14.9
11,14.6
12,14.0
13,13.6
14,13.3
15,12.6
16,12.6
17,12.7
18,12.7
19,12.9
20,12.8
21,13.1
22,13.0
23,13.1
24,13.0
1,12.8
2,12.8
3,12.6
4,12.8
5,12.8
6,13.1
7,13.5
8,13.7
9,14.1
10,14.3
11,15.1
12,14.9
13,15.4
14,15.5
15,15.6
16,15.8
17,15.4
18,15.0
19,14.4
20,14.5
21,14.3
22,14.1
23,14.6
24,15.1
1,15.2
2,15.1
3,15.1
4,14.9
5,14.6
6,14.3
7,13.9
8,14.3
9,15.4
10,16.4
11,17.5
12,16.8
13,16.7
14,16.7
15,15.1
16,14.1
17,14.1
18,14.2
19,14.1
20,14.2
21,14.2
22,14.1
23,13.7
24,13.7
1,13.8
2,13.9
3,14.2
4,14.3
5,14.5
6,14.7
7,14.8
8,14.9
9,15.2
10,15.4
11,15.5
12,15.4
13,15.2
14,15.1
15,14.8
16,14.9
17,14.7
18,14.5
19,14.5
20,14.5
21,14.3
22,14.5
23,14.5
24,14.4
1,14.3
2,14.4
3,14.3
4,14.0
5,14.0
6,14.1
7,14.1
8,14.2
9,15.0
10,15.4
11,15.5
12,15.6
13,15.4
14,15.3
15,15.0
16,14.7
17,14.1
18,14.0
19,14.0
20,13.9
21,13.9
22,14.0
23,14.0
24,13.8
1,13.7
2,13.7
3,13.9
4,14.3
5,14.7
6,14.8
7,15.1
8,15.6
9,15.8
10,15.9
11,16.4
12,16.9
13,16.8
14,16.8
15,16.5
16,15.8
17,15.8
18,15.7
19,15.5
20,15.2
21,15.2
22,15.1
23,15.1
24,14.6
1,14.7
2,14.3
3,14.3
4,14.1
5,14.2
6,15.2
7,15.1
8,15.4
9,16.0
10,16.5
11,16.7
12,17.7
13,18.1
14,19.0
15,19.9
16,18.2
17,17.7
18,17.2
19,16.7
20,16.5
21,16.7
22,16.6
23,16.5
24,16.2
1,16.1
2,16.3
3,16.1
4,16.2
5,16.2
6,15.7
7,14.6
8,15.5
9,19.0
10,22.3
11,23.2
12,23.2
13,22.8
14,22.4
15,20.8
16,20.1
17,19.1
18,18.3
19,17.8
20,17.8
21,17.9
22,17.8
23,17.6
24,17.5
1,17.1
2,17.1
3,17.0
4,17.1
5,17.4
6,17.1
7,16.6
8,17.1
9,18.6
10,20.7
11,21.6
12,24.3
13,23.7
14,25.7
15,24.9
16,22.9
17,23.6
18,22.3
19,21.1
20,21.1
21,21.2
22,21.2
23,19.8
24,18.9
1,18.4
2,17.7
3,17.7
4,17.4
5,17.4
6,17.5
7,17.9
8,18.5
9,19.7
10,21.5
11,23.3
12,24.7
13,25.8
14,25.2
15,23.9
16,23.4
17,23.0
18,22.5
19,21.7
20,20.8
21,20.1
22,20.1
23,20.0
24,19.7
1,19.9
2,19.8
3,19.8
4,19.6
5,19.6
6,19.6
7,19.9
8,20.1
9,19.4
10,18.8
11,18.0
12,18.0
13,17.7
14,17.1
15,16.8
16,16.6
17,16.1
18,15.6
19,15.3
20,14.9
21,14.7
22,14.5
23,14.4
24,14.3
1,14.2
2,14.1
3,14.2
4,14.3
5,14.5
6,14.6
7,14.8
8,15.2
9,15.8
10,16.4
11,16.5
12,17.0
13,17.7
14,17.9
15,17.4
16,17.4
17,16.8
18,16.4
19,16.4
20,16.5
21,16.5
22,16.9
23,17.2
24,17.4
1,17.6
2,17.6
3,17.5
4,17.6
5,17.8
6,17.8
7,17.5
8,17.7
9,18.0
10,18.1
11,18.2
12,17.9
13,18.1
14,17.9
15,17.5
16,17.2
17,16.8
18,16.5
19,16.1
20,15.8
21,15.3
22,15.1
23,15.0
24,15.2
1,15.0
2,15.1
3,15.0
4,14.9
5,14.7
6,14.8
7,14.8
8,15.0
9,16.5
10,15.9
11,16.0
12,16.3
13,16.2
14,16.0
15,16.2
16,16.2
17,15.9
18,15.6
19,15.6
20,15.7
21,15.8
22,16.1
23,16.1
24,16.1
1,15.9
2,16.0
3,15.9
4,16.1
5,16.3
6,16.3
7,16.6
8,17.4
9,19.1
10,20.4
11,21.2
12,22.3
13,23.1
14,24.8
15,23.6
16,23.4
17,22.3
18,21.2
19,20.8
20,20.8
21,20.8
22,20.8
23,20.0
24,19.5
1,19.0
2,18.7
3,18.4
4,17.9
5,17.9
6,17.5
7,17.6
8,18.1
9,18.8
10,19.8
11,21.4
12,22.5
13,23.8
14,24.4
15,23.7
16,21.6
17,20.5
18,19.7
19,19.2
20,19.0
21,18.8
22,18.3
23,18.5
24,18.3
1,18.0
2,17.8
3,17.5
4,17.8
5,17.9
6,18.0
7,18.0
8,18.4
9,18.7
10,19.1
11,20.6
12,21.4
13,21.8
14,23.1
15,21.7
16,20.9
17,20.0
18,18.9
19,18.5
20,18.9
21,18.6
22,18.2
23,18.0
24,17.8
1,17.6
2,17.5
3,17.6
4,17.8
5,17.8
6,17.7
7,17.8
8,18.2
9,18.3
10,18.6
11,18.4
12,19.4
13,19.1
14,19.5
15,18.7
16,18.1
17,17.6
18,17.6
19,17.2
20,17.1
21,16.9
22,16.8
23,17.0
24,17.0
1,17.1
2,17.0
3,17.0
4,16.9
5,16.9
6,16.8
7,16.8
8,17.1
9,17.8
10,18.4
11,19.1
12,18.9
13,19.5
14,19.5
15,19.7
16,19.1
17,18.1
18,17.7
19,17.4
20,17.4
21,17.4
22,17.5
23,17.6
24,17.8
1,17.4
2,17.6
3,17.7
4,17.3
5,17.2
6,17.0
7,16.9
8,17.4
9,18.8
10,20.5
11,21.2
12,20.8
13,21.4
14,19.4
15,18.3
16,17.7
17,17.8
18,17.4
19,17.0
20,16.8
21,16.8
22,16.4
23,16.4
24,15.1
1,13.8
2,13.1
3,12.8
4,11.9
5,11.5
6,11.5
7,11.8
8,12.0
9,11.8
10,12.1
11,11.8
12,11.9
13,12.1
14,11.9
15,12.0
16,11.7
17,11.4
18,10.9
19,10.7
20,10.5
21,10.6
22,10.8
23,11.3
24,11.2
1,11.0
2,10.9
3,10.7
4,10.8
5,11.1
6,10.8
7,10.5
8,10.9
9,11.6
10,12.5
11,12.9
12,13.0
13,12.9
14,12.6
15,13.1
16,12.7
17,12.2
18,12.0
19,12.1
20,12.0
21,12.1
22,12.1
23,12.1
24,11.9
1,11.9
2,12.0
3,12.1
4,12.1
5,12.0
6,12.0
7,12.0
8,12.0
9,12.1
10,12.8
11,13.4
12,14.2
13,13.4
14,13.0
15,13.2
16,13.2
17,12.7
18,12.2
19,12.0
20,12.0
21,12.1
22,12.2
23,11.6
24,12.3
1,12.7
2,12.7
3,12.9
4,13.0
5,13.1
6,13.2
7,13.3
8,14.1
9,14.7
10,15.2
11,15.2
12,15.3
13,15.3
14,15.6
15,15.2
16,15.1
17,15.0
18,14.7
19,14.5
20,14.7
21,14.5
22,14.9
23,15.1
24,14.9
1,14.2
2,14.4
3,14.4
4,14.4
5,14.5
6,14.6
7,15.0
8,15.7
9,16.9
10,18.5
11,18.4
12,19.1
13,18.4
14,18.3
15,17.7
16,17.0
17,16.8
18,16.6
19,16.4
20,16.2
21,16.2
22,16.1
23,15.9
24,15.7
1,15.5
2,15.6
3,15.6
4,15.3
5,15.3
6,15.1
7,15.1
8,15.9
9,17.6
10,18.7
11,19.3
12,19.9
13,19.9
14,19.3
15,19.6
16,18.2
17,17.5
18,17.0
19,16.5
20,16.3
21,15.9
22,15.8
23,15.7
24,15.8
1,16.0
2,15.7
3,16.0
4,16.1
5,16.0
6,16.1
7,16.3
8,17.7
9,20.1
10,22.2
11,23.7
12,23.8
13,24.7
14,23.7
15,22.9
16,21.9
17,21.4
18,21.0
19,20.7
20,20.5
21,20.1
22,20.0
23,19.8
24,17.8
1,17.6
2,16.9
3,16.6
4,15.9
5,15.2
6,14.6
7,14.4
8,15.4
9,17.4
10,19.4
11,21.8
12,24.7
13,25.2
14,25.3
15,24.0
16,23.8
17,23.0
18,21.6
19,20.5
20,19.7
21,18.8
22,18.3
23,17.9
24,17.4
1,16.9
2,16.6
3,16.1
4,15.9
5,15.6
6,15.6
7,15.6
8,17.0
9,20.0
10,22.3
11,24.3
12,27.3
13,27.4
14,25.6
15,25.7
16,24.5
17,22.8
18,22.4
19,22.1
20,21.6
21,21.1
22,20.7
23,20.6
24,20.3
1,20.3
2,20.0
3,19.4
4,18.3
5,18.5
6,18.8
7,19.0
8,19.7
9,21.2
10,22.0
11,22.5
12,22.3
13,21.3
14,21.2
15,20.8
16,20.2
17,19.7
18,19.2
19,19.1
20,18.8
21,18.4
22,18.2
23,18.4
24,18.0
1,18.0
2,17.8
3,17.8
4,17.9
5,17.9
6,18.0
7,18.4
8,19.6
9,22.0
10,24.3
11,25.7
12,26.8
13,26.9
14,27.1
15,25.5
16,24.6
17,24.2
18,23.2
19,20.9
20,20.5
21,20.3
22,19.8
23,19.7
24,19.5
1,19.0
2,19.6
3,19.0
4,18.9
5,18.3
6,17.2
7,17.7
8,18.7
9,20.5
10,23.4
11,24.5
12,25.4
13,23.0
14,21.4
15,21.3
16,21.3
17,21.5
18,21.1
19,21.0
20,20.9
21,20.7
22,20.6
23,20.2
24,19.3
1,18.7
2,18.0
3,17.7
4,17.2
5,16.8
6,16.8
7,16.7
8,17.0
9,18.2
10,18.2
11,18.7
12,19.0
13,19.6
14,20.5
15,21.0
16,20.9
17,20.7
18,20.6
19,20.8
20,21.6
21,22.8
22,22.9
23,22.3
24,21.4
1,20.9
2,20.7
3,19.6
4,19.0
5,18.8
6,16.6
7,16.2
8,17.1
9,19.0
10,21.8
11,23.2
12,22.3
13,19.4
14,19.1
15,19.4
16,19.5
17,19.9
18,19.9
19,19.9
20,19.9
21,19.7
22,19.7
23,19.7
24,19.5
1,18.7
2,18.5
3,18.2
4,17.8
5,17.6
6,17.5
7,17.0
8,17.0
9,17.1
10,17.1
11,16.9
12,16.7
13,16.1
14,16.1
15,15.2
16,14.4
17,13.7
18,13.5
19,13.2
20,13.1
21,12.9
22,12.9
23,12.8
24,12.9
1,12.9
2,12.7
3,12.9
4,12.9
5,12.7
6,13.0
7,13.5
8,13.6
9,13.6
10,13.8
11,13.9
12,13.5
13,13.9
14,12.9
15,12.4
16,12.4
17,12.2
18,12.7
19,13.0
20,12.6
21,13.4
22,13.6
23,13.8
24,13.5
1,13.5
2,13.8
3,13.9
4,13.9
5,13.9
6,14.1
7,14.1
8,14.1
9,14.2
10,14.5
11,14.6
12,14.8
13,14.8
14,14.4
15,14.6
16,14.4
17,14.2
18,14.2
19,14.0
20,13.9
21,14.3
22,14.3
23,14.5
24,14.5
1,14.4
2,14.3
3,14.0
4,14.2
5,13.6
6,12.6
7,12.5
8,12.2
9,12.4
10,12.3
11,13.0
12,13.0
13,12.8
14,12.6
15,12.7
16,12.9
17,13.2
18,13.4
19,13.5
20,13.5
21,14.2
22,14.1
23,14.1
24,14.2
1,14.1
2,14.7
3,14.7
4,14.9
5,15.1
6,15.3
7,15.4
8,15.6
9,15.8
10,15.6
11,15.9
12,16.1
13,16.1
14,16.1
15,15.8
16,15.3
17,15.0
18,14.9
19,14.6
20,14.7
21,15.2
22,15.4
23,15.4
24,15.7
1,15.7
2,16.1
3,16.1
4,15.7
5,14.6
6,14.3
7,14.2
8,14.0
9,14.0
10,14.2
11,14.3
12,14.5
13,14.8
14,14.2
15,14.0
16,14.0
17,14.1
18,14.5
19,14.8
20,15.1
21,14.8
22,14.7
23,14.7
24,14.8
1,14.8
2,14.6
3,14.4
4,14.4
5,14.2
6,14.0
7,14.2
8,15.1
9,15.6
10,15.9
11,16.9
12,17.4
13,17.8
14,19.7
15,19.1
16,18.5
17,18.3
18,17.8
19,17.9
20,17.5
21,16.9
22,16.8
23,16.2
24,16.0
1,15.3
2,14.6
3,14.2
4,13.9
5,13.5
6,13.8
7,15.8
8,16.0
9,16.3
10,16.1
11,15.6
12,15.1
13,14.9
14,14.8
15,14.9
16,14.9
17,14.4
18,13.7
19,13.4
20,13.4
21,13.2
22,13.1
23,13.1
24,13.4
1,13.7
2,14.0
3,14.1
4,14.2
5,14.3
6,14.4
7,14.7
8,15.5
9,16.4
10,18.2
11,20.0
12,19.6
13,19.9
14,18.7
15,18.8
16,18.5
17,18.2
18,17.9
19,17.7
20,17.7
21,17.8
22,17.6
23,17.5
24,17.3
1,17.1
2,17.2
3,16.9
4,16.1
5,15.9
6,15.8
7,15.9
8,16.7
9,17.6
10,18.7
11,19.8
12,21.3
13,20.0
14,21.7
15,20.4
16,20.9
17,20.4
18,19.5
19,19.0
20,18.3
21,18.4
22,17.8
23,17.3
24,17.2
1,16.8
2,16.9
3,16.1
4,15.8
5,15.9
6,15.8
7,16.4
8,17.3
9,19.3
10,21.8
11,24.4
12,25.2
13,25.6
14,25.3
15,24.5
16,23.4
17,22.9
18,22.4
19,22.0
20,21.1
21,21.2
22,20.6
23,20.1
24,20.0
1,19.9
2,17.7
3,17.2
4,16.1
5,16.4
6,16.3
7,15.4
8,15.6
9,15.7
10,15.7
11,16.1
12,15.8
13,15.8
14,15.7
15,15.9
16,15.5
17,15.4
18,15.4
19,15.7
20,15.9
21,15.7
22,15.5
23,15.3
24,15.0
1,14.5
2,14.6
3,14.7
4,14.6
5,14.5
6,14.6
7,14.8
8,15.1
9,15.5
10,15.6
11,15.6
12,15.6
13,14.6
14,14.7
15,14.3
16,13.1
17,13.2
18,12.7
19,12.1
20,12.2
21,12.3
22,12.8
23,12.4
24,12.7
1,12.9
2,13.1
3,13.3
4,13.5
5,13.7
6,13.3
7,13.6
8,14.4
9,15.1
10,14.5
11,14.3
12,14.4
13,14.4
14,14.4
15,14.5
16,14.4
17,14.9
18,14.5
19,13.4
20,13.6
21,13.7
22,14.0
23,14.5
24,14.5
1,15.2
2,15.3
3,15.5
4,16.0
5,15.8
6,15.4
7,15.7
8,16.1
9,16.8
10,17.1
11,17.3
12,17.2
13,16.8
14,16.2
15,15.3
16,15.6
17,15.4
18,15.0
19,15.5
20,15.7
21,15.2
22,15.6
23,16.4
24,16.8
1,17.0
2,16.7
3,17.0
4,16.9
5,16.7
6,16.8
7,17.1
8,17.5
9,17.7
10,17.5
11,17.5
12,17.5
13,17.7
14,17.7
15,18.0
16,18.2
17,17.7
18,17.8
19,17.8
20,17.7
21,17.2
22,17.0
23,17.1
24,16.6
1,16.5
2,16.4
3,16.6
4,16.8
5,16.9
6,17.2
7,17.8
8,18.3
9,19.2
10,20.2
11,21.2
12,22.4
13,22.7
14,22.8
15,22.4
16,22.2
17,21.5
18,21.0
19,20.6
20,20.7
21,20.4
22,20.1
23,19.8
24,19.6
1,19.7
2,19.6
3,19.9
4,19.8
5,19.0
6,19.0
7,18.8
8,21.0
9,22.1
10,23.6
11,25.1
12,26.6
13,26.4
14,27.6
15,26.1
16,22.9
17,21.8
18,21.7
19,21.1
20,20.5
21,19.9
22,20.0
23,20.3
24,20.6
1,20.6
2,20.7
3,20.9
4,21.0
5,21.1
6,20.5
7,20.5
8,20.5
9,20.3
10,18.1
11,18.1
12,18.6
13,18.7
14,18.1
15,17.2
16,16.5
17,16.4
18,16.2
19,16.3
20,16.2
21,16.1
22,15.9
23,15.8
24,15.0
1,14.8
2,14.3
3,14.1
4,13.9
5,13.5
6,13.3
7,13.1
8,13.7
9,13.5
10,13.8
11,14.3
12,14.5
13,14.3
14,14.5
15,14.5
16,14.7
17,14.4
18,14.3
19,14.3
20,14.3
21,14.4
22,14.5
23,14.7
24,14.8
1,14.9
2,14.9
3,14.9
4,15.2
5,15.3
6,15.1
7,15.4
8,15.8
9,15.9
10,16.4
11,16.8
12,16.9
13,17.0
14,16.8
15,16.7
16,16.4
17,16.3
18,16.2
19,16.3
20,16.3
21,16.4
22,16.4
23,16.8
24,17.1
1,17.1
2,17.1
3,16.1
4,15.2
5,15.0
6,15.0
7,15.1
8,15.4
9,16.6
10,17.1
11,17.6
12,17.6
13,17.6
14,17.1
15,16.3
16,16.2
17,15.6
18,15.7
19,15.9
20,16.1
21,16.1
22,16.0
23,16.0
24,15.9
1,15.9
2,15.9
3,16.0
4,16.3
5,16.4
6,16.5
7,16.6
8,17.1
9,18.2
10,19.2
11,20.2
12,20.1
13,20.1
14,19.9
15,19.4
16,18.8
17,18.9
18,18.7
19,18.5
20,18.4
21,18.3
22,18.1
23,17.9
24,17.9
1,18.1
2,17.9
3,18.1
4,17.6
5,17.5
6,17.6
7,18.0
8,18.5
9,20.4
10,19.4
11,20.9
12,23.4
13,25.2
14,25.2
15,22.9
16,21.0
17,20.4
18,19.4
19,19.5
20,19.6
21,19.8
22,19.2
23,19.4
24,19.5
1,19.1
2,19.0
3,19.0
4,19.0
5,19.0
6,18.6
7,18.2
8,17.8
9,18.8
10,19.4
11,20.4
12,19.9
13,20.5
14,20.3
15,20.4
16,20.6
17,20.3
18,20.0
19,19.9
20,19.8
21,19.7
22,19.7
23,19.6
24,19.4
1,19.2
2,19.3
3,19.3
4,19.2
5,19.9
6,18.5
7,18.8
8,19.8
9,20.9
10,22.3
11,23.7
12,24.3
13,22.8
14,24.1
15,24.5
16,24.4
17,24.4
18,23.8
19,23.7
20,23.0
21,22.6
22,22.0
23,22.1
24,21.4
1,21.2
2,21.5
3,21.4
4,20.4
5,20.0
6,19.4
7,19.9
8,19.8
9,19.2
10,18.7
11,18.8
12,18.5
13,18.6
14,18.4
15,17.8
16,17.5
17,17.1
18,16.6
19,16.5
20,17.1
21,17.5
22,17.7
23,17.5
24,17.6
1,17.5
2,17.5
3,17.3
4,17.5
5,18.1
6,18.4
7,18.8
8,19.9
9,20.9
10,22.5
11,25.3
12,25.2
13,25.6
14,25.1
15,24.4
16,23.6
17,23.4
18,23.1
19,23.0
20,20.1
21,19.8
22,18.9
23,18.0
24,17.6
1,17.1
2,16.9
3,17.1
4,17.2
5,17.4
6,17.8
7,18.1
8,18.5
9,18.8
10,19.2
11,19.9
12,21.6
13,22.8
14,23.6
15,21.0
16,19.4
17,18.6
18,18.8
19,18.7
20,18.5
21,18.3
22,18.2
23,18.3
24,18.3
1,18.2
2,18.3
3,18.2
4,18.0
5,18.1
6,17.9
7,18.2
8,19.2
9,21.0
10,22.7
11,23.9
12,23.8
13,25.0
14,24.0
15,25.6
16,23.0
17,22.1
18,21.6
19,21.2
20,21.1
21,21.2
22,20.9
23,21.2
24,21.0
1,21.0
2,20.7
3,19.4
4,18.8
5,18.0
6,17.3
7,16.6
8,16.7
9,17.2
10,16.9
11,17.0
12,16.5
13,16.7
14,17.1
15,16.2
16,15.3
17,15.2
18,15.3
19,15.0
20,14.7
21,14.4
22,14.0
23,14.1
24,13.8
1,14.0
2,13.5
3,13.1
4,12.7
5,12.9
6,13.2
7,13.6
8,13.7
9,14.3
10,15.0
11,14.5
12,14.7
13,15.0
14,14.7
15,15.3
16,15.4
17,15.3
18,15.5
19,15.2
20,15.1
21,15.2
22,15.6
23,14.2
24,13.5
1,13.1
2,12.6
3,13.3
4,15.0
5,15.1
6,15.4
7,16.0
8,18.6
9,20.9
10,22.1
11,23.5
12,24.3
13,23.9
14,23.5
15,23.2
16,22.5
17,21.2
18,20.4
19,19.4
20,19.1
21,18.8
22,18.8
23,18.9
24,19.0
1,19.5
2,19.3
3,19.5
4,19.1
5,18.9
6,17.8
7,18.2
8,21.6
9,23.1
10,24.6
11,25.4
12,26.3
13,26.1
14,26.4
15,26.3
16,25.7
17,24.0
18,23.2
19,22.8
20,21.8
21,21.2
22,20.8
23,20.5
24,19.9
1,19.6
2,19.0
3,18.6
4,18.2
5,18.0
6,18.1
7,18.5
8,19.8
9,22.3
10,22.9
11,25.5
12,26.6
13,25.9
14,25.6
15,25.4
16,24.8
17,23.0
18,21.8
19,21.3
20,20.9
21,20.7
22,20.3
23,19.8
24,20.0
1,19.5
2,18.9
3,18.5
4,18.7
5,18.6
6,18.6
7,19.1
8,20.4
9,22.1
10,24.6
11,26.8
12,27.7
13,27.8
14,28.3
15,26.4
16,25.4
17,24.5
18,23.9
19,23.8
20,23.7
21,23.4
22,23.2
23,22.2
24,22.1
1,21.6
2,21.3
3,20.8
4,20.4
5,20.0
6,20.0
7,20.6
8,21.8
9,23.8
10,26.3
11,26.2
12,22.3
13,19.4
14,17.6
15,16.0
16,15.8
17,15.7
18,15.4
19,14.5
20,14.4
21,14.1
22,14.1
23,14.1
24,14.0
1,13.9
2,13.5
3,13.5
4,13.2
5,13.1
6,12.9
7,13.3
8,13.9
9,14.6
10,15.8
11,16.3
12,17.8
13,17.7
14,18.0
15,18.3
16,18.7
17,17.1
18,16.3
19,15.7
20,15.2
21,14.2
22,13.8
23,13.3
24,13.3
1,12.8
2,12.7
3,12.2
4,11.9
5,11.8
6,11.8
7,12.6
8,15.2
9,18.2
10,20.5
11,21.4
12,22.2
13,22.2
14,22.6
15,21.4
16,21.2
17,19.7
18,18.8
19,18.1
20,17.5
21,17.2
22,16.8
23,16.6
24,16.4
1,16.2
2,16.0
3,15.7
4,14.8
5,14.4
6,14.9
7,16.1
8,19.3
9,21.3
10,22.5
11,23.3
12,24.9
13,25.2
14,25.0
15,24.6
16,23.4
17,21.6
18,20.7
19,20.0
20,19.9
21,19.8
22,19.6
23,19.5
24,19.3
1,19.2
2,19.2
3,19.0
4,17.7
5,17.6
6,17.6
7,18.3
8,20.8
9,23.1
10,25.1
11,26.0
12,25.6
13,26.5
14,26.7
15,25.9
16,25.2
17,23.6
18,22.6
19,22.2
20,22.0
21,22.0
22,21.4
23,21.0
24,20.6
1,19.7
2,19.2
3,18.7
4,18.4
5,18.0
6,17.8
7,18.6
8,20.7
9,23.2
10,25.7
11,27.0
12,28.3
13,28.6
14,28.9
15,29.1
16,26.9
17,26.4
18,24.9
19,24.2
20,23.9
21,23.9
22,23.5
23,23.0
24,22.3
1,21.7
2,21.6
3,21.6
4,21.5
5,21.0
6,21.0
7,21.4
8,23.4
9,24.4
10,24.9
11,25.5
12,26.1
13,25.6
14,25.4
15,25.2
16,24.5
17,24.4
18,24.0
19,23.6
20,24.0
21,23.8
22,23.8
23,23.1
24,22.9
1,22.8
2,22.4
3,21.9
4,21.7
5,21.3
6,21.3
7,21.6
8,21.4
9,22.6
10,23.3
11,24.0
12,25.8
13,27.2
14,27.4
15,28.0
16,27.4
17,26.5
18,26.0
19,24.9
20,24.5
21,24.4
22,23.7
23,23.1
24,22.5
1,22.3
2,21.8
3,21.4
4,21.5
5,21.1
6,21.2
7,21.6
8,23.4
9,26.1
10,27.9
11,30.8
12,30.7
13,31.2
14,30.8
15,29.5
16,28.7
17,27.0
18,26.2
19,25.4
20,25.5
21,25.8
22,25.9
23,25.9
24,25.3
1,24.7
2,24.3
3,23.8
4,23.4
5,23.2
6,23.0
7,23.5
8,25.3
9,26.3
10,28.1
11,29.0
12,30.2
13,31.6
14,31.1
15,29.7
16,28.8
17,27.5
18,26.9
19,26.4
20,26.3
21,26.6
22,26.2
23,25.8
24,25.4
1,24.9
2,24.6
3,24.4
4,24.0
5,24.1
6,23.7
7,24.6
8,27.6
9,30.3
10,31.6
11,33.6
12,33.9
13,35.2
14,35.2
15,34.0
16,33.1
17,30.9
18,29.7
19,28.8
20,28.3
21,27.8
22,27.2
23,26.7
24,25.8
1,25.6
2,25.3
3,25.0
4,24.6
5,24.5
6,24.7
7,23.5
8,21.3
9,20.3
10,20.3
11,19.7
12,18.8
13,19.1
14,19.7
15,19.4
16,19.4
17,19.4
18,18.9
19,19.1
20,18.4
21,18.1
22,18.0
23,17.8
24,17.6
1,17.7
2,17.7
3,17.7
4,17.6
5,17.3
6,17.2
7,17.5
8,17.6
9,18.0
10,17.8
11,17.9
12,18.0
13,18.0
14,17.9
15,17.8
16,17.0
17,17.4
18,17.7
19,17.9
20,18.2
21,17.1
22,17.4
23,17.6
24,17.7
1,17.9
2,18.1
3,17.2
4,17.4
5,17.5
6,17.8
7,18.4
8,19.4
9,20.1
10,21.0
11,21.9
12,21.8
13,21.4
14,21.3
15,20.4
16,18.9
17,19.2
18,19.5
19,19.5
20,19.0
21,19.4
22,18.4
23,18.6
24,18.5
1,18.7
2,18.6
3,18.6
4,18.7
5,18.7
6,18.9
7,19.2
8,19.9
9,20.5
10,21.2
11,22.4
12,22.7
13,23.2
14,23.4
15,23.7
16,23.9
17,23.9
18,23.0
19,22.5
20,22.1
21,21.8
22,21.5
23,21.1
24,20.5
1,20.4
2,19.9
3,19.9
4,19.4
5,19.6
6,19.5
7,20.4
8,22.5
9,24.5
10,27.0
11,26.8
12,27.8
13,27.8
14,28.6
15,28.4
16,27.2
17,26.5
18,25.7
19,25.0
20,24.9
21,24.8
22,24.6
23,24.2
24,24.1
1,23.7
2,23.2
3,23.0
4,23.0
5,23.0
6,22.9
7,23.5
8,24.2
9,25.6
10,27.1
11,27.9
12,29.8
13,30.7
14,30.6
15,28.2
16,26.1
17,25.7
18,25.7
19,25.1
20,24.4
21,24.2
22,24.0
23,23.9
24,23.6
1,23.6
2,23.4
3,23.2
4,23.2
5,23.1
6,23.2
7,23.7
8,24.8
9,26.9
10,28.6
11,30.6
12,30.7
13,31.3
14,31.7
15,31.7
16,31.1
17,29.8
18,28.8
19,28.0
20,27.6
21,27.7
22,26.6
23,26.5
24,26.0
1,25.8
2,25.6
3,26.0
4,26.2
5,26.3
6,26.1
7,25.7
8,25.7
9,26.8
10,27.0
11,28.0
12,28.0
13,26.9
14,26.1
15,27.1
16,27.2
17,26.7
18,26.5
19,26.3
20,26.0
21,26.0
22,25.9
23,25.8
24,25.9
1,25.9
2,25.6
3,25.5
4,25.1
5,25.1
6,25.1
7,25.9
8,26.3
9,27.4
10,28.6
11,29.0
12,27.9
13,24.5
14,25.0
15,24.9
16,24.3
17,24.7
18,24.7
19,24.5
20,24.6
21,24.4
22,24.6
23,24.5
24,24.3
1,24.5
2,24.4
3,23.9
4,23.3
5,23.2
6,23.4
7,23.9
8,26.0
9,26.6
10,27.2
11,26.9
12,25.0
13,25.8
14,28.3
15,27.7
16,28.4
17,28.3
18,27.7
19,26.7
20,26.3
21,26.4
22,25.9
23,25.5
24,25.4
1,25.4
2,25.1
3,24.6
4,24.3
5,24.2
6,24.0
7,25.0
8,26.6
9,27.7
10,28.7
11,28.8
12,29.4
13,30.7
14,28.7
15,27.6
16,27.3
17,25.4
18,24.5
19,22.8
20,20.4
21,19.4
22,19.3
23,18.7
24,18.6
1,18.4
2,18.6
3,18.2
4,18.1
5,17.9
6,18.8
7,18.1
8,17.9
9,18.0
10,17.6
11,17.6
12,17.7
13,17.7
14,18.1
15,18.3
16,18.0
17,17.5
18,16.8
19,17.0
20,17.3
21,16.8
22,16.5
23,16.1
24,16.8
1,17.3
2,17.3
3,17.8
4,18.0
5,18.7
6,18.6
7,19.4
8,20.2
9,20.4
10,20.8
11,21.1
12,21.6
13,21.9
14,21.6
15,21.6
16,21.1
17,20.9
18,20.5
19,20.5
20,20.4
21,20.0
22,19.9
23,20.0
24,20.0
1,20.1
2,20.2
3,20.2
4,20.4
5,19.4
6,19.0
7,19.4
8,19.8
9,20.7
10,20.9
11,20.9
12,21.2
13,21.1
14,22.0
15,23.1
16,23.6
17,23.9
18,23.4
19,23.2
20,23.0
21,22.6
22,22.6
23,22.0
24,22.0
1,20.9
2,20.6
3,20.2
4,20.0
5,19.9
6,20.4
7,21.8
8,23.2
9,24.5
10,25.8
11,26.7
12,27.4
13,27.4
14,27.4
15,27.4
16,25.9
17,25.5
18,24.7
19,24.2
20,24.0
21,24.0
22,24.0
23,24.0
24,23.6
1,23.3
2,23.0
3,22.9
4,22.7
5,22.5
6,22.6
7,23.4
8,24.0
9,25.3
10,26.6
11,28.2
12,27.5
13,27.6
14,27.2
15,27.2
16,26.4
17,23.7
18,23.2
19,22.7
20,21.1
21,20.7
22,20.4
23,20.6
24,20.2
1,19.8
2,19.3
3,18.9
4,18.8
5,19.0
6,18.8
7,18.7
8,18.7
9,18.9
10,18.9
11,18.8
12,18.9
13,18.3
14,17.7
15,16.4
16,16.0
17,16.1
18,16.3
19,16.0
20,15.8
21,15.3
22,15.6
23,15.9
24,16.0
1,16.2
2,16.2
3,16.6
4,15.5
5,15.3
6,16.0
7,17.0
8,19.4
9,20.6
10,21.7
11,21.4
12,22.4
13,23.9
14,22.9
15,23.4
16,22.6
17,21.1
18,20.5
19,19.8
20,19.4
21,18.9
22,18.6
23,18.3
24,17.7
1,17.5
2,16.5
3,15.8
4,15.6
5,15.4
6,15.6
7,16.6
8,19.7
9,22.8
10,24.9
11,25.8
12,26.9
13,26.5
14,25.5
15,25.6
16,25.1
17,23.5
18,22.8
19,22.3
20,21.7
21,21.4
22,21.2
23,20.7
24,20.3
1,19.8
2,19.7
3,19.6
4,19.2
5,18.9
6,18.5
7,19.3
8,21.6
9,25.2
10,26.1
11,27.6
12,28.8
13,29.4
14,29.2
15,28.8
16,28.1
17,26.5
18,25.6
19,24.8
20,24.4
21,24.0
22,23.2
23,22.6
24,22.1
1,21.8
2,21.4
3,20.9
4,20.5
5,20.3
6,20.3
7,21.2
8,23.4
9,26.3
10,28.7
11,30.2
12,30.9
13,31.1
14,29.3
15,29.5
16,28.6
17,27.8
18,26.8
19,25.9
20,25.6
21,25.2
22,25.4
23,25.3
24,25.3
1,24.9
2,24.2
3,24.2
4,24.1
5,23.6
6,23.1
7,22.9
8,24.2
9,25.1
10,26.6
11,27.1
12,29.7
13,29.9
14,30.1
15,28.0
16,27.2
17,26.2
18,26.2
19,25.9
20,25.7
21,25.8
22,25.8
23,25.3
24,25.1
1,25.0
2,24.5
3,24.3
4,24.2
5,23.8
6,23.8
7,23.8
8,24.5
9,25.3
10,25.9
11,27.0
12,28.3
13,28.4
14,27.9
15,27.9
16,26.8
17,26.0
18,25.5
19,25.2
20,24.8
21,24.6
22,24.3
23,24.1
24,23.9
1,23.7
2,23.6
3,23.7
4,23.8
5,23.7
6,24.0
7,24.9
8,26.3
9,28.4
10,28.9
11,29.9
12,31.2
13,31.2
14,31.6
15,30.3
16,29.3
17,29.3
18,28.3
19,28.2
20,28.2
21,27.5
22,27.2
23,26.9
24,26.5
1,26.1
2,25.6
3,25.5
4,25.3
5,25.1
6,25.1
7,25.6
8,27.9
9,29.1
10,30.2
11,30.2
12,30.8
13,31.8
14,29.9
15,28.0
16,27.0
17,26.7
18,26.7
19,26.7
20,26.1
21,26.2
22,26.2
23,26.1
24,25.9
1,25.7
2,25.1
3,25.1
4,25.1
5,24.8
6,24.4
7,24.1
8,24.0
9,24.2
10,24.5
11,25.0
12,25.6
13,25.9
14,25.7
15,24.6
16,23.7
17,23.4
18,23.2
19,23.2
20,22.9
21,22.9
22,22.8
23,22.6
24,22.5
1,22.5
2,22.5
3,22.6
4,22.4
5,22.6
6,22.7
7,22.9
8,23.5
9,24.1
10,25.3
11,25.6
12,25.5
13,25.8
14,25.5
15,25.2
16,24.1
17,23.7
18,23.5
19,23.3
20,23.3
21,23.5
22,23.5
23,23.5
24,23.5
1,23.4
2,23.2
3,23.3
4,22.8
5,22.9
6,23.1
7,23.9
8,25.9
9,28.2
10,29.3
11,32.0
12,31.0
13,28.7
14,30.2
15,30.0
16,28.4
17,28.1
18,28.0
19,27.4
20,27.1
21,26.9
22,26.4
23,25.8
24,25.4
1,25.1
2,24.9
3,24.6
4,24.2
5,23.9
6,24.4
7,24.2
8,24.4
9,25.6
10,26.7
11,27.8
12,28.4
13,27.4
14,25.6
15,26.0
16,26.2
17,26.5
18,26.7
19,26.2
20,26.2
21,26.2
22,25.6
23,25.1
24,24.4
1,24.0
2,24.0
3,24.4
4,23.7
5,23.5
6,23.8
7,25.8
8,27.7
9,29.2
10,30.5
11,31.8
12,32.0
13,32.5
14,32.1
15,31.7
16,31.0
17,30.7
18,29.8
19,29.1
20,28.5
21,28.1
22,27.7
23,27.6
24,27.1
1,27.1
2,26.8
3,26.6
4,26.5
5,26.1
6,26.1
7,26.8
8,27.5
9,28.8
10,30.3
11,32.4
12,34.4
13,31.9
14,31.3
15,32.3
16,31.0
17,30.3
18,29.2
19,28.4
20,27.7
21,27.3
22,26.6
23,26.3
24,25.8
1,25.4
2,25.1
3,24.8
4,24.9
5,24.6
6,25.0
7,25.9
8,26.6
9,27.7
10,28.5
11,29.7
12,31.2
13,31.0
14,30.4
15,29.4
16,27.3
17,26.3
18,26.6
19,26.5
20,26.6
21,26.6
22,26.5
23,26.0
24,25.7
1,25.1
2,24.6
3,24.8
4,24.6
5,24.4
6,24.8
7,25.3
8,24.8
9,25.5
10,25.6
11,25.2
12,25.7
13,26.6
14,25.9
15,25.5
16,25.3
17,24.9
18,24.8
19,24.5
20,24.5
21,24.3
22,24.3
23,24.3
24,24.3
1,24.0
2,24.1
3,24.0
4,23.9
5,23.7
6,23.7
7,24.7
8,25.7
9,26.8
10,26.9
11,28.5
12,30.6
13,29.8
14,29.7
15,28.5
16,27.0
17,26.6
18,26.3
19,25.8
20,25.7
21,25.8
22,26.0
23,26.1
24,25.9
1,26.0
2,26.0
3,25.5
4,25.2
5,24.8
6,25.0
7,25.7
8,27.7
9,29.0
10,30.7
11,30.7
12,30.0
13,30.4
14,27.3
15,25.5
16,24.4
17,24.9
18,25.3
19,25.4
20,24.8
21,23.1
22,23.2
23,21.9
24,21.6
1,21.3
2,20.8
3,21.1
4,21.4
5,20.8
6,20.9
7,21.0
8,21.5
9,21.9
10,21.8
11,21.6
12,21.5
13,21.5
14,21.3
15,21.1
16,21.5
17,21.1
18,21.3
19,20.9
20,20.9
21,20.8
22,20.6
23,20.8
24,20.4
1,20.4
2,20.7
3,20.7
4,20.6
5,20.3
6,20.3
7,20.9
8,21.6
9,22.2
10,24.0
11,25.4
12,26.3
13,25.8
14,26.6
15,25.7
16,25.1
17,24.6
18,24.1
19,23.8
20,23.7
21,23.7
22,23.5
23,23.4
24,23.2
1,23.4
2,23.3
3,23.5
4,23.7
5,23.5
6,23.5
7,24.3
8,26.1
9,27.4
10,27.2
11,28.6
12,28.8
13,28.5
14,28.3
15,27.6
16,27.2
17,26.7
18,26.1
19,25.8
20,25.6
21,25.4
22,25.3
23,25.0
24,25.0
1,25.1
2,25.1
3,25.0
4,25.1
5,24.9
6,25.1
7,25.6
8,26.4
9,25.5
10,26.0
11,26.7
12,26.9
13,26.2
14,26.5
15,25.4
16,24.5
17,24.3
18,23.4
19,22.6
20,22.1
21,21.9
22,22.6
23,22.9
24,22.6
1,22.8
2,22.7
3,22.9
4,22.9
5,21.7
6,22.2
7,23.6
8,24.4
9,25.9
10,27.7
11,28.0
12,29.5
13,28.6
14,28.1
15,27.5
16,26.8
17,26.6
18,25.9
19,25.4
20,24.9
21,24.6
22,24.5
23,24.5
24,24.2
1,24.1
2,24.2
3,24.3
4,24.3
5,24.2
6,24.4
7,24.6
8,24.8
9,25.2
10,26.7
11,26.1
12,25.7
13,26.6
14,26.3
15,26.4
16,25.9
17,25.3
18,25.0
19,24.8
20,24.3
21,23.8
22,24.0
23,24.1
24,24.2
1,24.2
2,24.1
3,24.2
4,24.4
5,24.4
6,24.6
7,24.9
8,25.8
9,26.4
10,27.6
11,28.4
12,29.6
13,29.4
14,29.4
15,29.2
16,27.8
17,27.7
18,26.8
19,26.4
20,26.2
21,25.9
22,25.8
23,25.8
24,25.7
1,25.4
2,25.0
3,25.1
4,25.0
5,24.9
6,25.2
7,26.2
8,27.1
9,28.9
10,29.9
11,30.8
12,31.9
13,29.8
14,30.6
15,29.7
16,29.6
17,29.8
18,28.7
19,28.0
20,28.0
21,28.1
22,28.1
23,27.4
24,27.1
1,26.9
2,26.7
3,26.5
4,26.2
5,26.1
6,26.4
7,26.9
8,28.4
9,29.7
10,30.9
11,31.0
12,32.4
13,31.3
14,31.0
15,30.5
16,29.1
17,26.8
18,24.0
19,23.0
20,23.2
21,22.9
22,22.8
23,22.8
24,22.9
1,22.7
2,22.5
3,22.7
4,22.1
5,22.0
6,22.0
7,22.0
8,22.4
9,22.4
10,22.8
11,23.0
12,23.7
13,23.6
14,23.5
15,23.6
16,23.6
17,23.1
18,23.2
19,22.7
20,22.8
21,22.9
22,22.9
23,22.8
24,22.4
1,22.2
2,21.9
3,22.0
4,22.8
5,22.6
6,22.0
7,23.3
8,24.0
9,24.5
10,25.4
11,25.0
12,25.0
13,24.3
14,24.2
15,24.3
16,24.3
17,24.1
18,24.1
19,24.0
20,23.9
21,23.9
22,23.9
23,24.1
24,24.0
1,24.0
2,24.0
3,24.0
4,24.0
5,24.1
6,24.2
7,24.9
8,25.4
9,25.7
10,25.4
11,25.3
12,23.6
13,21.8
14,20.7
15,20.3
16,20.0
17,20.3
18,20.2
19,20.3
20,20.5
21,20.7
22,21.1
23,21.4
24,21.7
1,22.2
2,22.5
3,22.7
4,22.7
5,22.7
6,22.9
7,22.9
8,23.5
9,25.0
10,25.3
11,25.4
12,25.7
13,25.1
14,24.7
15,24.5
16,24.3
17,24.0
18,23.8
19,23.6
20,23.5
21,23.3
22,23.2
23,23.1
24,23.2
1,23.1
2,23.3
3,23.5
4,23.6
5,23.6
6,23.9
7,24.5
8,25.1
9,26.2
10,27.1
11,28.1
12,28.7
13,28.9
14,30.4
15,29.9
16,28.1
17,27.3
18,27.0
19,26.6
20,26.4
21,26.3
22,26.3
23,26.2
24,26.1
1,26.1
2,26.0
3,25.8
4,25.7
5,25.7
6,26.0
7,26.4
8,27.6
9,29.1
10,31.0
11,30.4
12,30.8
13,29.9
14,27.0
15,27.5
16,27.8
17,27.4
18,26.2
19,25.7
20,25.3
21,25.0
22,25.4
23,25.3
24,25.0
1,25.0
2,25.0
3,24.7
4,24.5
5,24.7
6,24.8
7,25.5
8,27.1
9,27.5
10,27.7
11,29.2
12,32.2
13,33.2
14,33.7
15,33.9
16,32.6
17,31.5
18,30.1
19,29.4
20,29.1
21,28.6
22,28.9
23,28.7
24,27.9
1,27.6
2,27.2
3,27.1
4,27.1
5,26.7
6,26.8
7,27.5
8,29.0
9,30.8
10,31.7
11,32.6
12,32.4
13,33.6
14,33.4
15,33.0
16,33.5
17,32.2
18,31.5
19,31.2
20,30.6
21,30.2
22,29.1
23,29.3
24,28.9
1,29.0
2,27.4
3,27.3
4,25.8
5,24.7
6,24.6
7,24.9
8,25.3
9,29.1
10,26.9
11,25.3
12,24.7
13,24.6
14,24.8
15,26.1
16,25.8
17,25.0
18,25.0
19,24.9
20,24.5
21,24.3
22,24.5
23,24.0
24,24.2
1,24.2
2,24.3
3,24.4
4,24.4
5,24.4
6,24.6
7,25.2
8,25.5
9,25.5
10,25.8
11,25.5
12,25.1
13,25.2
14,24.7
15,24.4
16,24.2
17,24.3
18,24.1
19,24.2
20,23.7
21,23.9
22,24.2
23,24.0
24,24.3
1,24.0
2,24.0
3,24.0
4,24.0
5,23.8
6,23.8
7,24.0
8,24.6
9,25.3
10,26.2
11,26.5
12,27.2
13,26.7
14,26.7
15,26.8
16,26.1
17,25.6
18,25.4
19,25.4
20,25.0
21,24.9
22,25.0
23,25.0
24,24.9
1,25.0
2,25.1
3,25.1
4,25.0
5,25.0
6,25.1
7,25.7
8,27.1
9,29.0
10,30.3
11,30.2
12,30.5
13,29.5
14,30.5
15,30.9
16,29.3
17,29.0
18,28.5
19,28.2
20,28.2
21,27.9
22,27.8
23,27.7
24,27.3
1,26.9
2,26.4
3,26.4
4,26.4
5,26.1
6,26.5
7,27.4
8,28.6
9,30.7
10,32.3
11,33.3
12,34.1
13,31.9
14,32.3
15,31.1
16,30.3
17,30.0
18,29.4
19,29.4
20,28.9
21,29.2
22,28.6
23,28.1
24,27.6
1,27.5
2,27.0
3,26.9
4,26.4
5,26.3
6,26.5
7,27.8
8,30.0
9,31.3
10,32.9
11,33.7
12,34.0
13,33.0
14,34.5
15,32.9
16,33.4
17,31.5
18,31.5
19,30.3
20,30.0
21,29.2
22,29.0
23,28.7
24,28.4
1,28.0
2,27.9
3,27.7
4,27.4
5,27.4
6,27.2
7,27.7
8,29.3
9,30.5
10,33.3
11,31.7
12,33.4
13,31.5
14,30.7
15,30.6
16,30.0
17,29.9
18,29.4
19,28.8
20,28.7
21,28.2
22,28.4
23,28.1
24,27.6
1,27.5
2,27.1
3,26.8
4,26.8
5,26.7
6,26.8
7,27.6
8,29.5
9,32.1
10,33.9
11,33.1
12,33.0
13,33.0
14,33.0
15,32.8
16,32.4
17,31.8
18,31.2
19,30.5
20,29.8
21,29.0
22,28.7
23,28.7
24,28.5
1,27.9
2,27.8
3,27.5
4,26.9
5,26.9
6,26.5
7,27.9
8,29.6
9,31.8
10,32.8
11,33.0
12,33.1
13,32.3
14,31.3
15,30.6
16,28.2
17,27.7
18,28.3
19,28.4
20,28.4
21,28.2
22,28.1
23,27.8
24,27.7
1,27.3
2,27.2
3,27.0
4,26.8
5,26.5
6,26.8
7,28.2
8,30.1
9,31.9
10,33.3
11,33.7
12,33.2
13,32.6
14,31.6
15,27.6
16,26.7
17,26.8
18,27.2
19,26.4
20,26.0
21,26.2
22,26.2
23,26.2
24,26.2
1,25.7
2,25.7
3,25.9
4,25.8
5,25.6
6,26.1
7,26.7
8,28.8
9,30.5
10,32.3
11,32.4
12,34.5
13,32.6
14,29.3
15,27.7
16,27.0
17,25.4
18,25.1
19,25.2
20,25.3
21,25.6
22,25.6
23,25.5
24,25.4
1,25.5
2,25.4
3,25.4
4,25.4
5,25.4
6,25.8
7,26.9
8,29.0
9,30.9
10,32.3
11,32.7
12,32.1
13,33.2
14,30.2
15,27.3
16,25.7
17,25.6
18,26.3
19,26.7
20,26.9
21,26.8
22,27.1
23,26.9
24,26.5
1,26.6
2,26.6
3,26.4
4,26.5
5,26.5
6,26.2
7,25.9
8,25.3
9,25.3
10,25.7
11,25.1
12,24.8
13,25.0
14,24.7
15,24.5
16,25.1
17,25.1
18,24.8
19,24.3
20,24.0
21,24.0
22,23.5
23,23.5
24,23.0
1,23.3
2,22.6
3,22.6
4,22.7
5,22.4
6,22.5
7,22.3
8,22.0
9,22.1
10,22.2
11,22.7
12,23.0
13,22.9
14,23.2
15,23.0
16,22.8
17,22.7
18,22.5
19,22.7
20,22.5
21,22.3
22,22.3
23,22.4
24,22.4
1,22.3
2,22.5
3,22.6
4,22.6
5,22.8
6,22.7
7,23.0
8,23.2
9,23.4
10,25.0
11,25.7
12,26.0
13,26.3
14,25.3
15,24.3
16,24.0
17,24.1
18,24.5
19,24.4
20,24.2
21,24.2
22,24.1
23,24.1
24,24.0
1,23.8
2,23.7
3,23.7
4,23.8
5,23.7
6,23.9
7,24.0
8,24.4
9,24.7
10,25.2
11,25.2
12,24.5
13,23.4
14,23.1
15,23.0
16,22.9
17,22.9
18,22.4
19,22.5
20,22.4
21,22.5
22,22.3
23,22.5
24,22.7
1,22.6
2,22.8
3,23.0
4,23.2
5,23.2
6,23.0
7,23.1
8,23.4
9,23.8
10,24.7
11,25.9
12,25.5
13,26.0
14,26.1
15,25.6
16,25.1
17,24.8
18,24.6
19,23.8
20,23.4
21,23.4
22,23.7
23,23.5
24,23.6
1,23.7
2,23.7
3,23.6
4,23.7
5,23.7
6,23.9
7,24.2
8,24.9
9,26.1
10,27.2
11,28.0
12,28.6
13,28.7
14,29.9
15,30.1
16,29.2
17,29.4
18,28.3
19,27.6
20,27.1
21,27.0
22,27.0
23,26.7
24,26.0
1,25.7
2,25.4
3,25.3
4,25.0
5,24.6
6,25.3
7,25.6
8,26.9
9,27.8
10,29.4
11,32.4
12,32.0
13,33.8
14,33.7
15,33.3
16,32.8
17,32.1
18,30.9
19,30.3
20,29.7
21,29.5
22,28.8
23,27.8
24,27.6
1,27.4
2,27.0
3,26.8
4,26.7
5,26.7
6,26.6
7,27.2
8,28.0
9,28.9
10,30.7
11,31.2
12,32.7
13,33.0
14,34.7
15,33.0
16,32.3
17,32.0
18,30.9
19,29.8
20,28.9
21,29.0
22,28.6
23,27.7
24,27.3
1,26.8
2,26.6
3,26.2
4,26.0
5,25.7
6,26.0
7,27.0
8,28.7
9,31.3
10,33.0
11,33.5
12,34.0
13,34.1
14,32.7
15,31.2
16,30.6
17,30.9
18,30.4
19,30.1
20,29.9
21,29.7
22,29.4
23,29.1
24,27.9
1,27.9
2,27.6
3,27.4
4,27.0
5,26.7
6,26.7
7,27.7
8,29.5
9,31.7
10,32.9
11,34.4
12,35.1
13,33.3
14,32.1
15,32.4
16,31.9
17,31.1
18,30.9
19,30.8
20,30.0
21,28.9
22,28.9
23,28.6
24,28.2
1,28.1
2,27.6
3,27.6
4,27.4
5,27.1
6,27.3
7,28.2
8,29.9
9,32.2
10,33.5
11,33.7
12,34.1
13,34.1
14,33.6
15,33.1
16,32.8
17,32.3
18,31.5
19,31.0
20,30.8
21,29.8
22,29.5
23,28.9
24,28.5
1,28.3
2,27.9
3,27.9
4,27.5
5,27.4
6,27.2
7,28.0
8,29.6
9,31.3
10,32.4
11,33.5
12,33.9
13,34.1
14,34.1
15,33.2
16,33.0
17,32.1
18,31.7
19,31.1
20,31.0
21,30.7
22,30.3
23,29.9
24,29.3
1,29.2
2,28.6
3,28.5
4,28.2
5,27.9
6,27.8
7,28.4
8,29.6
9,31.8
10,33.2
11,33.9
12,34.4
13,34.8
14,35.0
15,34.6
16,33.5
17,32.9
18,31.9
19,31.7
20,30.7
21,30.8
22,30.6
23,28.5
24,28.3
1,28.4
2,28.5
3,28.6
4,28.1
5,28.1
6,28.1
7,29.0
8,30.6
9,31.0
10,32.8
11,33.8
12,34.7
13,34.6
14,34.9
15,32.7
16,32.1
17,31.5
18,30.4
19,30.0
20,28.2
21,28.2
22,28.2
23,28.0
24,27.9
1,27.6
2,27.4
3,27.3
4,26.9
5,26.8
6,26.9
7,28.0
8,29.7
9,30.2
10,32.9
11,33.2
12,34.3
13,34.4
14,34.8
15,33.7
16,32.6
17,31.6
18,30.8
19,30.5
20,30.0
21,29.8
22,29.9
23,29.3
24,28.6
1,28.5
2,27.8
3,27.6
4,27.3
5,27.2
6,27.4
7,28.2
8,29.3
9,31.1
10,32.2
11,32.0
12,35.1
13,33.5
14,32.2
15,31.5
16,31.9
17,31.4
18,31.4
19,30.8
20,30.2
21,30.0
22,29.8
23,28.8
24,28.5
1,28.0
2,27.7
3,27.8
4,27.5
5,27.0
6,27.2
7,28.0
8,29.9
9,32.3
10,34.2
11,34.9
12,33.4
13,32.6
14,33.4
15,29.4
16,27.0
17,27.4
18,27.4
19,26.8
20,27.2
21,27.1
22,27.2
23,27.5
24,27.3
1,27.4
2,27.2
3,27.0
4,27.1
5,26.8
6,26.9
7,27.5
8,29.2
9,31.3
10,32.7
11,35.0
12,35.4
13,33.8
14,33.2
15,32.0
16,26.9
17,26.6
18,26.3
19,26.2
20,25.9
21,26.1
22,26.5
23,26.4
24,26.4
1,26.1
2,25.6
3,25.2
4,25.5
5,25.5
6,25.5
7,26.8
8,29.2
9,30.7
10,32.6
11,32.9
12,33.6
13,33.3
14,34.0
15,33.1
16,32.1
17,31.6
18,30.3
19,29.8
20,29.5
21,29.0
22,28.6
23,28.5
24,28.2
1,28.0
2,27.8
3,27.4
4,27.3
5,27.6
6,27.2
7,28.1
8,30.9
9,32.1
10,32.9
11,33.0
12,34.2
13,33.8
14,31.1
15,24.7
16,25.8
17,27.6
18,28.1
19,28.1
20,28.1
21,27.7
22,27.7
23,27.6
24,27.2
1,26.9
2,26.8
3,26.7
4,26.6
5,26.4
6,26.6
7,27.7
8,29.2
9,31.1
10,32.5
11,34.0
12,31.9
13,33.7
14,34.4
15,31.9
16,30.9
17,26.4
18,26.4
19,26.4
20,26.2
21,26.3
22,26.3
23,26.6
24,26.5
1,26.6
2,26.4
3,26.1
4,25.8
5,26.0
6,26.2
7,26.8
8,28.1
9,29.9
10,32.4
11,33.5
12,34.6
13,35.1
14,33.4
15,34.1
16,31.4
17,30.7
18,30.6
19,30.4
20,30.6
21,29.6
22,29.2
23,29.1
24,28.8
1,28.4
2,28.1
3,27.8
4,27.5
5,27.5
6,27.4
7,28.8
8,30.0
9,30.5
10,31.9
11,33.1
12,32.9
13,33.1
14,34.1
15,34.1
16,32.9
17,29.9
18,30.8
19,30.8
20,30.4
21,29.5
22,29.3
23,29.0
24,28.9
1,28.4
2,28.7
3,28.2
4,28.1
5,28.0
6,27.8
7,28.1
8,29.4
9,30.1
10,30.8
11,31.2
12,32.1
13,32.6
14,32.7
15,32.2
16,31.6
17,26.8
18,25.0
19,25.1
20,25.1
21,25.4
22,25.6
23,25.5
24,25.3
1,25.3
2,25.3
3,25.3
4,25.2
5,25.5
6,25.8
7,26.7
8,27.8
9,28.9
10,30.5
11,31.4
12,32.5
13,33.0
14,34.2
15,32.6
16,31.2
17,30.5
18,30.1
19,29.0
20,25.0
21,24.9
22,25.8
23,26.2
24,25.9
1,26.1
2,26.2
3,26.1
4,25.8
5,25.8
6,26.1
7,27.0
8,28.5
9,30.4
10,32.6
11,32.7
12,32.7
13,34.4
14,32.1
15,29.7
16,26.1
17,26.9
18,27.2
19,27.1
20,27.2
21,27.4
22,27.5
23,27.2
24,27.0
1,26.8
2,26.7
3,26.6
4,26.5
5,26.3
6,26.7
7,27.5
8,29.0
9,29.7
10,31.8
11,33.6
12,34.3
13,33.5
14,31.7
15,29.7
16,28.0
17,28.4
18,29.1
19,29.2
20,28.5
21,28.4
22,28.9
23,28.7
24,28.3
1,28.0
2,27.8
3,28.0
4,27.6
5,27.1
6,27.3
7,28.6
8,30.0
9,32.0
10,32.9
11,33.6
12,31.6
13,31.5
14,30.9
15,30.4
16,28.7
17,29.0
18,29.2
19,29.2
20,28.7
21,28.8
22,28.7
23,28.5
24,28.2
1,27.9
2,27.3
3,27.6
4,27.4
5,27.1
6,27.2
7,28.1
8,29.8
9,32.3
10,33.3
11,34.6
12,34.7
13,33.5
14,32.4
15,31.8
16,32.9
17,32.0
18,31.7
19,31.3
20,30.1
21,29.6
22,29.3
23,28.8
24,28.8
1,28.7
2,28.0
3,27.6
4,27.5
5,27.1
6,27.2
7,28.2
8,29.8
9,32.0
10,33.6
11,34.8
12,35.2
13,34.7
14,34.0
15,34.7
16,34.2
17,32.9
18,32.2
19,31.9
20,31.1
21,30.7
22,30.1
23,29.5
24,29.0
1,28.8
2,28.4
3,28.1
4,27.7
5,27.6
6,27.6
7,28.3
8,29.9
9,31.8
10,33.2
11,34.3
12,33.4
13,33.0
14,33.5
15,34.0
16,32.7
17,32.6
18,32.0
19,31.2
20,30.7
21,30.3
22,29.7
23,29.7
24,29.3
1,28.5
2,28.2
3,28.4
4,27.9
5,27.8
6,27.7
7,28.3
8,30.2
9,32.0
10,32.3
11,33.0
12,33.2
13,34.6
14,33.6
15,34.8
16,34.4
17,32.9
18,32.1
19,31.1
20,30.8
21,30.5
22,30.4
23,30.2
24,30.2
1,29.6
2,29.3
3,28.8
4,28.6
5,27.9
6,27.7
7,28.4
8,30.2
9,31.6
10,33.2
11,34.5
12,34.2
13,34.7
14,34.3
15,34.2
16,33.0
17,31.9
18,31.8
19,32.3
20,31.4
21,31.5
22,31.6
23,31.0
24,30.8
1,30.0
2,29.1
3,28.7
4,28.3
5,28.3
6,27.9
7,28.5
8,29.9
9,31.1
10,32.4
11,32.9
12,32.8
13,33.3
14,33.0
15,33.0
16,32.8
17,32.3
18,31.7
19,31.2
20,31.0
21,30.7
22,30.2
23,29.9
24,29.6
1,29.4
2,29.0
3,28.9
4,28.7
5,28.5
6,28.3
7,28.5
8,29.7
9,30.9
10,32.3
11,34.3
12,35.0
13,34.3
14,36.3
15,36.0
16,34.7
17,33.5
18,32.7
19,32.1
20,31.3
21,30.7
22,30.7
23,30.3
24,30.0
1,29.5
2,28.8
3,28.4
4,28.1
5,27.8
6,27.7
7,28.8
8,30.8
9,33.3
10,34.9
11,36.1
12,36.8
13,34.4
14,34.3
15,33.8
16,33.4
17,33.2
18,32.6
19,31.6
20,31.4
21,31.3
22,31.0
23,30.3
24,29.9
1,30.0
2,29.6
3,29.2
4,29.1
5,28.0
6,27.8
7,28.8
8,30.5
9,32.3
10,34.2
11,35.3
12,35.5
13,34.9
14,37.5
15,37.2
16,35.7
17,34.2
18,33.1
19,32.1
20,31.6
21,31.4
22,31.1
23,29.8
24,29.4
1,29.0
2,28.7
3,28.6
4,28.3
5,27.9
6,27.9
7,28.8
8,30.5
9,32.8
10,34.6
11,36.6
12,34.9
13,36.8
14,35.9
15,35.6
16,35.2
17,33.7
18,32.5
19,31.6
20,31.4
21,31.3
22,31.2
23,30.9
24,30.5
1,30.3
2,29.8
3,29.0
4,28.5
5,28.1
6,28.2
7,29.1
8,32.0
9,34.0
10,34.5
11,34.1
12,34.1
13,33.1
14,33.0
15,33.3
16,33.2
17,32.7
18,32.2
19,32.0
20,31.8
21,31.8
22,31.5
23,30.6
24,30.0
1,29.9
2,29.6
3,29.0
4,28.9
5,28.4
6,28.2
7,29.1
8,31.3
9,33.2
10,34.7
11,35.4
12,37.1
13,36.4
14,36.8
15,35.9
16,34.4
17,33.4
18,28.2
19,28.7
20,28.8
21,29.1
22,28.8
23,28.7
24,28.8
1,28.4
2,28.4
3,28.3
4,28.6
5,28.5
6,28.7
7,29.4
8,30.7
9,31.9
10,33.3
11,33.7
12,33.9
13,34.6
14,35.0
15,33.3
16,32.9
17,33.2
18,32.4
19,31.8
20,31.3
21,31.1
22,31.3
23,30.8
24,29.8
1,29.8
2,30.2
3,30.0
4,29.0
5,28.2
6,28.0
7,28.7
8,30.0
9,31.2
10,33.1
11,34.1
12,34.6
13,35.2
14,35.7
15,33.8
16,33.5
17,32.3
18,32.0
19,31.9
20,31.3
21,30.9
22,30.8
23,30.3
24,30.6
1,29.9
2,29.5
3,29.4
4,28.8
5,28.6
6,28.3
7,28.9
8,30.4
9,32.6
10,33.7
11,34.3
12,34.6
13,33.8
14,33.3
15,32.4
16,30.7
17,30.3
18,29.6
19,30.0
20,30.0
21,30.0
22,29.9
23,29.2
24,28.5
1,28.3
2,27.9
3,27.8
4,27.4
5,27.6
6,27.5
7,27.9
8,29.4
9,31.4
10,32.2
11,33.6
12,34.1
13,33.3
14,32.7
15,32.6
16,33.2
17,32.8
18,32.0
19,31.3
20,30.8
21,30.1
22,29.9
23,29.8
24,29.4
1,29.5
2,29.4
3,29.2
4,29.0
5,28.9
6,29.0
7,29.7
8,31.1
9,33.0
10,34.4
11,35.1
12,34.7
13,33.7
14,34.7
15,32.0
16,30.7
17,31.1
18,30.3
19,30.3
20,30.4
21,29.2
22,29.2
23,28.6
24,28.8
1,28.8
2,29.0
3,29.1
4,29.0
5,28.4
6,28.4
7,29.0
8,30.3
9,31.6
10,28.9
11,29.8
12,30.7
13,30.7
14,31.0
15,26.4
16,26.7
17,27.2
18,27.3
19,27.3
20,26.5
21,27.4
22,25.7
23,26.2
24,27.0
1,29.4
2,30.1
3,30.0
4,29.8
5,29.1
6,29.2
7,30.1
8,30.3
9,32.4
10,34.2
11,33.3
12,33.4
13,34.2
14,33.8
15,32.4
16,31.2
17,30.6
18,30.7
19,30.6
20,30.4
21,29.9
22,30.3
23,30.3
24,30.3
1,30.0
2,29.7
3,29.5
4,29.2
5,28.5
6,27.3
7,26.8
8,26.4
9,26.9
10,26.7
11,28.0
12,28.4
13,29.0
14,30.1
15,31.0
16,30.8
17,30.3
18,30.5
19,30.0
20,29.4
21,29.1
22,28.5
23,28.1
24,27.4
1,27.3
2,27.1
3,26.9
4,26.8
5,26.5
6,26.7
7,27.3
8,29.5
9,31.1
10,31.9
11,32.4
12,32.3
13,31.9
14,33.5
15,32.9
16,32.1
17,31.6
18,31.3
19,30.8
20,30.6
21,30.4
22,30.2
23,29.8
24,29.2
1,29.1
2,29.0
3,28.5
4,27.8
5,27.9
6,28.0
7,28.6
8,30.3
9,31.3
10,32.4
11,32.7
12,32.3
13,32.6
14,29.2
15,25.5
16,26.6
17,27.0
18,27.5
19,27.6
20,27.4
21,27.0
22,27.1
23,26.9
24,26.8
1,26.7
2,26.8
3,26.8
4,26.9
5,27.1
6,26.9
7,27.6
8,29.1
9,30.8
10,32.8
11,32.6
12,34.6
13,33.3
14,33.5
15,33.5
16,33.0
17,31.1
18,29.7
19,27.1
20,27.5
21,27.7
22,27.6
23,27.7
24,27.7
1,27.5
2,27.2
3,27.0
4,27.1
5,27.0
6,26.9
7,27.7
8,29.4
9,31.5
10,32.2
11,33.6
12,32.8
13,32.9
14,33.8
15,28.7
16,28.7
17,28.9
18,29.2
19,28.7
20,28.8
21,28.7
22,28.7
23,28.1
24,27.9
1,27.9
2,27.8
3,27.0
4,27.0
5,27.3
6,27.4
7,29.0
8,30.4
9,31.7
10,33.2
11,34.4
12,35.3
13,36.0
14,36.1
15,36.1
16,35.3
17,34.2
18,33.2
19,32.6
20,32.2
21,31.8
22,31.3
23,31.1
24,30.5
1,30.0
2,29.6
3,29.6
4,29.6
5,29.2
6,29.0
7,30.0
8,31.0
9,32.5
10,34.2
11,36.1
12,37.2
13,37.6
14,37.1
15,37.1
16,35.8
17,34.6
18,33.7
19,33.0
20,32.1
21,31.9
22,31.5
23,30.9
24,30.5
1,30.7
2,30.4
3,30.1
4,30.1
5,29.8
6,29.9
7,30.3
8,32.1
9,34.1
10,35.4
11,36.8
12,37.7
13,37.9
14,38.1
15,36.6
16,36.1
17,35.0
18,33.9
19,32.7
20,32.5
21,31.9
22,31.8
23,31.2
24,31.0
1,30.9
2,30.8
3,30.7
4,30.3
5,29.9
6,30.5
7,30.9
8,31.6
9,32.8
10,34.6
11,35.2
12,35.7
13,36.5
14,36.0
15,35.7
16,34.5
17,33.8
18,33.5
19,32.8
20,32.3
21,32.0
22,31.4
23,30.8
24,30.2
1,29.9
2,29.8
3,30.2
4,30.4
5,30.0
6,29.8
7,30.6
8,32.1
9,33.6
10,35.0
11,35.7
12,36.4
13,36.9
14,36.1
15,35.9
16,35.6
17,34.3
18,33.3
19,32.6
20,32.3
21,31.8
22,31.5
23,31.2
24,30.8
1,30.4
2,30.1
3,29.6
4,29.2
5,29.5
6,29.7
7,30.0
8,31.0
9,33.0
10,34.1
11,34.7
12,35.3
13,35.9
14,36.1
15,35.8
16,35.5
17,34.6
18,33.7
19,33.0
20,32.5
21,32.0
22,31.5
23,31.6
24,30.8
1,30.5
2,30.2
3,29.9
4,29.9
5,29.6
6,28.4
7,29.7
8,31.6
9,32.5
10,33.9
11,35.4
12,36.4
13,36.2
14,36.4
15,35.7
16,35.1
17,33.5
18,31.1
19,31.0
20,31.4
21,31.3
22,30.6
23,30.2
24,29.8
1,30.1
2,29.6
3,29.2
4,29.1
5,29.0
6,29.1
7,30.0
8,30.8
9,32.4
10,33.0
11,33.8
12,35.3
13,36.5
14,35.4
15,35.5
16,35.0
17,34.1
18,33.5
19,32.6
20,32.1
21,31.9
22,31.3
23,30.8
24,30.7
1,30.5
2,30.0
3,29.7
4,29.6
5,29.1
6,29.0
7,29.4
8,30.7
9,32.0
10,33.8
11,35.3
12,35.7
13,36.6
14,35.9
15,33.7
16,32.3
17,31.9
18,31.8
19,31.6
20,31.8
21,31.4
22,30.9
23,30.8
24,30.6
1,30.0
2,29.9
3,29.7
4,29.3
5,29.2
6,29.0
7,29.3
8,30.4
9,31.4
10,34.1
11,34.9
12,36.2
13,37.3
14,36.4
15,36.2
16,34.7
17,33.5
18,33.0
19,32.6
20,32.2
21,31.8
22,31.5
23,30.8
24,30.6
1,30.1
2,29.7
3,29.2
4,29.1
5,28.6
6,28.6
7,28.8
8,31.0
9,32.8
10,34.8
11,36.0
12,35.4
13,35.8
14,35.1
15,35.6
16,34.7
17,33.8
18,33.1
19,32.5
20,31.9
21,31.7
22,31.4
23,31.2
24,31.0
1,30.0
2,29.7
3,29.3
4,28.9
5,28.6
6,28.3
7,29.0
8,30.9
9,33.1
10,34.8
11,36.1
12,36.5
13,36.0
14,34.2
15,32.7
16,32.4
17,31.8
18,31.6
19,31.5
20,31.1
21,30.9
22,30.6
23,30.1
24,29.9
1,29.6
2,29.0
3,28.9
4,28.5
5,28.4
6,28.4
7,28.9
8,29.9
9,31.1
10,31.8
11,34.4
12,36.5
13,34.1
14,33.8
15,32.2
16,31.8
17,31.7
18,31.7
19,31.5
20,30.8
21,30.6
22,29.9
23,29.9
24,29.6
1,29.6
2,29.1
3,29.3
4,28.9
5,28.1
6,27.8
7,28.5
8,30.3
9,32.4
10,34.0
11,36.1
12,36.4
13,36.1
14,35.3
15,34.4
16,34.4
17,33.3
18,32.6
19,32.1
20,31.6
21,31.3
22,30.4
23,30.5
24,30.1
1,29.7
2,29.2
3,29.0
4,28.6
5,28.1
6,27.7
7,28.3
8,30.0
9,32.1
10,33.5
11,35.1
12,35.4
13,33.5
14,31.1
15,31.3
16,31.6
17,31.0
18,31.0
19,30.5
20,30.6
21,30.5
22,30.3
23,29.7
24,29.3
1,28.8
2,28.5
3,28.5
4,28.6
5,28.5
6,28.3
7,28.8
8,30.4
9,31.9
10,33.8
11,35.1
12,35.1
13,36.7
14,35.2
15,34.9
16,34.4
17,32.9
18,31.9
19,31.0
20,30.6
21,30.2
22,29.9
23,29.8
24,29.5
1,29.3
2,29.0
3,28.6
4,28.3
5,27.9
6,28.1
7,28.9
8,30.0
9,30.8
10,30.0
11,32.5
12,33.3
13,32.6
14,32.8
15,34.2
16,33.2
17,30.0
18,30.0
19,29.9
20,29.8
21,29.9
22,29.9
23,28.0
24,28.3
1,28.8
2,28.6
3,28.9
4,29.1
5,29.0
6,29.0
7,29.7
8,30.8
9,31.2
10,32.9
11,31.8
12,33.3
13,32.6
14,31.9
15,32.3
16,32.1
17,31.6
18,31.3
19,31.2
20,31.0
21,30.9
22,30.6
23,30.5
24,30.3
1,29.5
2,29.3
3,29.6
4,28.6
5,28.7
6,28.8
7,29.0
8,29.9
9,31.2
10,32.1
11,31.9
12,32.7
13,33.5
14,34.5
15,34.4
16,33.1
17,32.3
18,28.7
19,28.7
20,28.6
21,28.9
22,28.6
23,28.5
24,28.4
1,28.4
2,28.2
3,28.0
4,27.6
5,27.3
6,27.4
7,27.8
8,29.8
9,31.9
10,33.9
11,34.0
12,34.3
13,33.9
14,33.3
15,32.7
16,32.0
17,29.4
18,29.2
19,29.0
20,28.8
21,28.1
22,28.2
23,27.9
24,27.8
1,27.4
2,27.3
3,27.3
4,27.1
5,26.9
6,26.8
7,27.6
8,30.2
9,31.9
10,33.5
11,34.3
12,35.6
13,36.8
14,34.8
15,34.3
16,33.6
17,32.5
18,31.7
19,30.9
20,30.8
21,30.6
22,30.6
23,30.3
24,30.1
1,29.7
2,29.5
3,29.4
4,29.1
5,28.6
6,29.2
7,30.0
8,31.8
9,33.0
10,33.8
11,34.0
12,34.3
13,35.1
14,34.8
15,33.6
16,33.2
17,32.4
18,31.7
19,31.1
20,31.0
21,31.1
22,31.0
23,30.8
24,30.5
1,30.3
2,30.2
3,30.1
4,29.9
5,29.9
6,29.6
7,30.3
8,31.0
9,31.9
10,34.5
11,34.7
12,34.8
13,35.5
14,33.3
15,33.3
16,33.6
17,28.8
18,27.5
19,25.5
20,26.2
21,26.4
22,26.9
23,26.6
24,26.4
1,26.4
2,26.6
3,26.5
4,26.2
5,26.8
6,26.5
7,27.3
8,29.4
9,31.4
10,33.9
11,34.8
12,35.8
13,34.6
14,34.9
15,33.8
16,33.0
17,31.7
18,31.6
19,30.7
20,30.1
21,29.9
22,29.6
23,29.2
24,29.1
1,28.9
2,28.8
3,28.6
4,28.4
5,28.3
6,28.4
7,29.3
8,30.6
9,32.4
10,33.3
11,32.9
12,33.9
13,34.5
14,33.6
15,33.2
16,33.0
17,31.8
18,31.5
19,30.8
20,30.4
21,30.1
22,30.1
23,29.9
24,29.7
1,29.5
2,29.3
3,29.2
4,29.0
5,28.6
6,28.4
7,29.2
8,30.7
9,31.6
10,31.3
11,31.0
12,31.6
13,31.5
14,32.8
15,31.2
16,30.8
17,31.3
18,31.0
19,30.5
20,30.1
21,29.9
22,29.8
23,29.5
24,29.4
1,29.1
2,29.1
3,28.8
4,28.8
5,28.9
6,28.6
7,29.0
8,31.0
9,31.0
10,32.2
11,32.1
12,32.5
13,32.7
14,31.6
15,30.9
16,29.7
17,29.6
18,29.4
19,29.2
20,29.2
21,29.0
22,28.7
23,28.1
24,27.8
1,27.9
2,28.2
3,28.3
4,28.2
5,28.4
6,28.2
7,28.5
8,29.3
9,29.5
10,28.8
11,27.8
12,26.6
13,27.7
14,28.4
15,27.6
16,27.3
17,27.1
18,27.2
19,27.2
20,26.9
21,26.6
22,25.8
23,25.8
24,25.9
1,25.8
2,25.4
3,25.7
4,25.5
5,25.8
6,26.1
7,26.4
8,26.8
9,26.6
10,26.8
11,27.1
12,27.2
13,27.7
14,28.6
15,28.8
16,27.1
17,26.9
18,27.0
19,26.1
20,25.2
21,25.1
22,24.9
23,25.0
24,24.9
1,25.6
2,25.9
3,25.8
4,26.0
5,26.0
6,25.3
7,25.3
8,25.0
9,25.6
10,26.7
11,26.2
12,26.5
13,26.4
14,25.9
15,25.7
16,25.8
17,25.8
18,25.7
19,25.7
20,25.2
21,25.2
22,25.2
23,25.1
24,25.0
1,24.9
2,24.8
3,24.7
4,24.5
5,24.6
6,24.8
7,25.3
8,26.0
9,28.2
10,30.2
11,32.0
12,31.0
13,31.1
14,30.8
15,31.6
16,31.1
17,30.9
18,30.0
19,29.1
20,28.8
21,28.6
22,28.7
23,28.5
24,28.4
1,28.2
2,27.7
3,27.5
4,27.2
5,27.0
6,26.7
7,27.5
8,29.2
9,30.9
10,33.7
11,34.4
12,34.0
13,34.0
14,34.8
15,33.5
16,32.8
17,31.2
18,30.3
19,29.7
20,29.6
21,29.8
22,29.9
23,29.6
24,29.3
1,29.7
2,29.7
3,29.9
4,30.0
5,29.6
6,29.6
7,30.3
8,31.9
9,32.8
10,34.1
11,34.4
12,34.6
13,35.4
14,35.1
15,35.1
16,33.6
17,33.1
18,31.9
19,31.4
20,31.3
21,31.1
22,31.1
23,30.6
24,30.3
1,30.0
2,30.2
3,30.1
4,29.8
5,29.7
6,29.6
7,29.7
8,29.8
9,30.6
10,31.6
11,32.2
12,32.5
13,32.6
14,32.2
15,33.1
16,31.6
17,31.1
18,30.9
19,31.0
20,30.8
21,30.4
22,30.4
23,30.2
24,30.2
1,30.2
2,30.1
3,29.4
4,28.8
5,28.6
6,28.4
7,29.1
8,30.5
9,32.0
10,31.8
11,31.1
12,33.0
13,32.9
14,29.8
15,27.2
16,27.6
17,27.8
18,28.4
19,28.6
20,28.3
21,28.4
22,28.5
23,28.6
24,27.9
1,27.4
2,27.5
3,27.2
4,27.4
5,27.3
6,27.5
7,27.7
8,28.9
9,30.0
10,31.6
11,33.3
12,32.9
13,28.4
14,30.3
15,30.4
16,29.7
17,30.3
18,30.1
19,30.0
20,29.7
21,29.5
22,29.3
23,29.2
24,28.6
1,28.1
2,27.8
3,27.5
4,27.2
5,27.2
6,27.2
7,27.6
8,29.1
9,31.1
10,32.8
11,33.4
12,32.6
13,33.0
14,33.2
15,31.5
16,31.3
17,30.4
18,30.0
19,29.9
20,29.9
21,29.6
22,28.9
23,28.6
24,27.8
1,27.6
2,27.4
3,27.1
4,26.7
5,26.5
6,26.2
7,27.0
8,28.8
9,30.8
10,33.0
11,33.6
12,34.5
13,35.3
14,34.0
15,33.5
16,33.3
17,32.2
18,31.5
19,31.0
20,30.6
21,30.1
22,29.5
23,29.4
24,29.2
1,29.1
2,28.8
3,28.7
4,27.8
5,27.0
6,26.8
7,28.2
8,31.1
9,32.4
10,34.0
11,33.6
12,34.5
13,33.3
14,32.4
15,31.4
16,31.3
17,30.2
18,29.8
19,29.5
20,29.3
21,29.3
22,29.1
23,29.4
24,26.8
1,26.7
2,27.1
3,27.3
4,25.9
5,26.5
6,26.8
7,27.1
8,27.6
9,27.4
10,27.9
11,27.6
12,26.3
13,26.7
14,26.6
15,26.8
16,27.0
17,27.1
18,26.8
19,26.8
20,26.9
21,27.0
22,27.3
23,27.1
24,27.2
1,27.0
2,27.0
3,25.7
4,25.0
5,25.0
6,24.6
7,24.3
8,24.7
9,24.3
10,24.8
11,25.5
12,26.5
13,26.6
14,27.8
15,28.6
16,28.7
17,28.6
18,28.6
19,28.7
20,28.8
21,28.8
22,28.2
23,28.5
24,28.2
1,27.7
2,27.4
3,27.5
4,26.5
5,27.9
6,27.5
7,28.3
8,29.5
9,29.8
10,30.6
11,31.7
12,32.1
13,32.1
14,32.1
15,32.4
16,32.0
17,31.9
18,31.3
19,30.7
20,30.3
21,30.1
22,29.5
23,29.0
24,28.7
1,28.7
2,28.4
3,28.0
4,27.4
5,27.7
6,27.6
7,28.6
8,29.4
9,30.3
10,30.9
11,32.6
12,33.5
13,33.8
14,33.3
15,33.3
16,33.0
17,30.2
18,29.0
19,28.6
20,28.3
21,27.9
22,27.6
23,27.0
24,26.2
1,25.9
2,25.7
3,25.4
4,25.2
5,25.3
6,24.9
7,25.6
8,27.5
9,29.3
10,29.8
11,31.1
12,31.5
13,31.0
14,32.0
15,30.5
16,29.4
17,27.6
18,27.3
19,26.9
20,26.3
21,26.2
22,25.9
23,25.5
24,25.3
1,24.9
2,24.5
3,24.2
4,24.2
5,23.5
6,23.5
7,24.8
8,26.8
9,28.0
10,29.3
11,29.9
12,31.0
13,30.9
14,31.3
15,30.8
16,29.8
17,28.7
18,27.5
19,26.9
20,26.8
21,26.6
22,26.6
23,26.6
24,26.3
1,26.3
2,26.1
3,26.2
4,26.0
5,25.7
6,25.5
7,25.8
8,27.9
9,29.5
10,31.4
11,33.2
12,34.4
13,34.8
14,33.2
15,34.6
16,33.5
17,32.3
18,31.2
19,30.6
20,30.4
21,30.0
22,29.6
23,28.9
24,28.6
1,28.7
2,28.4
3,28.3
4,27.8
5,27.7
6,27.7
7,28.0
8,29.3
9,30.9
10,32.7
11,34.9
12,35.7
13,34.8
14,34.4
15,33.9
16,33.4
17,32.3
18,31.3
19,30.7
20,30.7
21,30.6
22,30.6
23,30.4
24,30.3
1,29.5
2,29.3
3,28.8
4,28.4
5,28.1
6,28.1
7,28.2
8,29.6
9,31.5
10,32.7
11,33.6
12,33.5
13,34.6
14,34.7
15,35.1
16,33.5
17,31.6
18,31.1
19,30.6
20,30.0
21,29.8
22,29.5
23,29.6
24,29.3
1,29.0
2,28.8
3,28.7
4,28.2
5,28.2
6,28.0
7,28.7
8,30.0
9,31.5
10,32.4
11,33.1
12,35.3
13,33.7
14,33.8
15,34.1
16,32.7
17,31.3
18,30.5
19,30.3
20,30.0
21,29.9
22,29.8
23,29.7
24,29.7
1,29.5
2,29.5
3,29.7
4,29.7
5,29.4
6,29.1
7,29.7
8,30.9
9,32.4
10,34.0
11,34.1
12,35.6
13,35.4
14,35.9
15,35.9
16,35.2
17,34.0
18,33.4
19,31.9
20,31.4
21,31.2
22,31.0
23,30.9
24,30.8
1,30.7
2,30.6
3,29.9
4,29.5
5,29.3
6,29.1
7,29.2
8,30.4
9,32.1
10,33.6
11,33.4
12,35.6
13,34.7
14,35.2
15,34.5
16,33.4
17,32.4
18,32.3
19,30.6
20,29.8
21,29.2
22,29.0
23,29.1
24,29.0
1,28.5
2,28.2
3,27.9
4,27.9
5,27.5
6,27.4
7,27.6
8,29.5
9,31.2
10,33.1
11,34.0
12,35.3
13,34.5
14,33.9
15,32.8
16,32.8
17,31.9
18,31.4
19,31.0
20,30.9
21,30.8
22,30.3
23,30.1
24,29.4
1,29.1
2,28.5
3,28.5
4,28.0
5,27.5
6,27.4
7,27.7
8,29.7
9,31.4
10,32.8
11,34.7
12,35.9
13,36.7
14,35.9
15,36.1
16,34.8
17,33.7
18,32.6
19,32.3
20,32.1
21,31.6
22,30.6
23,30.1
24,29.8
1,29.4
2,29.0
3,28.8
4,28.5
5,27.9
6,27.7
7,28.0
8,30.1
9,32.4
10,34.1
11,36.0
12,36.8
13,37.4
14,37.6
15,36.4
16,35.9
17,34.0
18,32.6
19,32.2
20,31.8
21,31.5
22,30.6
23,30.3
24,30.0
1,29.3
2,29.2
3,28.7
4,28.4
5,28.0
6,28.0
7,28.2
8,29.3
9,31.1
10,33.3
11,34.7
12,33.9
13,34.7
14,34.9
15,33.6
16,32.0
17,31.0
18,30.5
19,30.4
20,30.2
21,29.7
22,29.6
23,29.0
24,28.1
1,27.8
2,27.4
3,27.7
4,28.0
5,27.9
6,28.0
7,28.1
8,28.3
9,29.5
10,29.1
11,30.2
12,30.6
13,30.4
14,29.7
15,30.3
16,29.5
17,29.0
18,28.6
19,28.6
20,28.6
21,28.6
22,28.2
23,27.8
24,27.6
1,27.8
2,27.4
3,27.4
4,27.2
5,27.7
6,27.5
7,28.1
8,29.2
9,30.3
10,31.7
11,32.0
12,32.6
13,32.7
14,32.9
15,32.3
16,31.9
17,31.3
18,30.4
19,29.9
20,29.6
21,29.4
22,29.4
23,29.5
24,29.3
1,29.2
2,29.1
3,28.6
4,28.9
5,28.6
6,28.7
7,28.7
8,30.5
9,32.7
10,33.7
11,35.8
12,35.1
13,35.7
14,34.9
15,35.0
16,34.4
17,32.7
18,31.4
19,30.8
20,30.5
21,30.6
22,30.3
23,30.0
24,29.8
1,29.1
2,29.0
3,29.1
4,28.4
5,28.0
6,27.9
7,28.1
8,29.4
9,31.2
10,34.0
11,34.1
12,35.0
13,35.3
14,36.0
15,35.3
16,35.5
17,33.1
18,31.8
19,31.5
20,31.2
21,30.9
22,30.0
23,29.7
24,29.3
1,29.1
2,28.7
3,28.8
4,28.8
5,28.1
6,27.9
7,28.3
8,29.6
9,31.3
10,34.5
11,33.6
12,32.8
13,33.3
14,32.8
15,31.8
16,31.2
17,29.8
18,29.1
19,28.5
20,27.8
21,27.3
22,27.1
23,27.1
24,27.2
1,26.7
2,26.5
3,26.5
4,26.8
5,26.7
6,26.4
7,25.0
8,25.6
9,27.2
10,29.0
11,28.0
12,28.0
13,27.8
14,26.4
15,26.7
16,26.4
17,25.9
18,25.7
19,25.5
20,25.8
21,25.8
22,25.7
23,25.7
24,25.5
1,25.5
2,25.5
3,25.6
4,25.7
5,25.9
6,25.8
7,26.3
8,27.3
9,28.4
10,29.3
11,29.9
12,30.1
13,30.9
14,31.1
15,30.7
16,29.8
17,28.6
18,28.2
19,27.9
20,27.8
21,27.7
22,27.7
23,27.6
24,27.6
1,27.5
2,27.4
3,27.3
4,27.3
5,27.5
6,27.4
7,27.5
8,27.6
9,28.1
10,28.5
11,30.0
12,29.3
13,29.8
14,30.7
15,30.4
16,30.1
17,29.1
18,28.0
19,27.6
20,26.8
21,27.0
22,27.3
23,27.6
24,27.8
1,27.5
2,27.5
3,26.8
4,26.4
5,26.5
6,26.4
7,26.4
8,26.9
9,27.2
10,26.3
11,26.3
12,26.7
13,26.6
14,28.3
15,28.8
16,28.3
17,26.6
18,26.2
19,26.5
20,26.7
21,26.8
22,26.8
23,26.8
24,26.9
1,26.8
2,26.9
3,26.5
4,26.6
5,26.6
6,26.5
7,26.8
8,27.5
9,28.9
10,27.9
11,29.0
12,30.9
13,29.0
14,29.5
15,29.4
16,27.4
17,27.5
18,27.6
19,27.7
20,27.9
21,28.1
22,27.9
23,28.2
24,28.0
1,28.0
2,28.1
3,28.1
4,28.1
5,28.3
6,28.2
7,28.6
8,30.1
9,31.5
10,32.4
11,32.7
12,33.5
13,32.0
14,33.2
15,32.6
16,32.4
17,31.1
18,30.5
19,30.2
20,29.9
21,29.7
22,29.4
23,29.1
24,28.6
1,28.6
2,28.7
3,28.3
4,28.6
5,28.1
6,27.8
7,28.0
8,29.6
9,30.8
10,31.9
11,31.4
12,32.5
13,32.9
14,33.2
15,33.3
16,32.3
17,30.6
18,29.9
19,29.5
20,29.5
21,29.5
22,29.5
23,29.4
24,29.3
1,29.2
2,29.1
3,29.0
4,28.9
5,28.3
6,27.6
7,28.3
8,29.6
9,28.2
10,30.3
11,31.1
12,32.5
13,32.4
14,32.0
15,27.6
16,28.9
17,28.7
18,28.1
19,27.1
20,27.1
21,25.9
22,25.8
23,26.2
24,24.8
1,24.7
2,25.1
3,24.7
4,24.9
5,25.3
6,25.6
7,25.6
8,25.7
9,25.8
10,26.0
11,25.3
12,26.3
13,26.1
14,26.2
15,25.9
16,26.3
17,25.6
18,25.6
19,25.3
20,25.8
21,25.5
22,25.3
23,25.8
24,25.6
1,25.6
2,24.9
3,24.9
4,25.2
5,24.5
6,25.0
7,24.4
8,24.4
9,24.4
10,24.2
11,24.3
12,24.6
13,24.7
14,24.6
15,24.8
16,25.0
17,25.4
18,25.3
19,25.3
20,25.1
21,25.3
22,25.0
23,25.3
24,25.5
1,25.6
2,25.7
3,25.8
4,25.7
5,25.9
6,25.7
7,25.9
8,25.8
9,25.9
10,26.0
11,26.5
12,26.6
13,26.3
14,26.6
15,26.0
16,27.1
17,26.3
18,26.3
19,26.3
20,26.6
21,26.4
22,27.0
23,26.9
24,26.8
1,26.1
2,26.6
3,26.8
4,26.5
5,26.0
6,25.7
7,25.9
8,26.3
9,26.0
10,26.2
11,26.3
12,26.5
13,26.3
14,26.8
15,26.5
16,26.2
17,25.9
18,25.6
19,25.6
20,25.7
21,25.7
22,25.6
23,25.6
24,25.4
1,25.1
2,25.0
3,24.8
4,24.7
5,24.5
6,24.4
7,24.9
8,27.3
9,29.2
10,30.4
11,31.8
12,32.4
13,31.5
14,31.1
15,31.2
16,30.9
17,30.4
18,29.4
19,28.9
20,28.6
21,27.8
22,27.5
23,27.1
24,26.8
1,26.5
2,25.6
3,25.6
4,25.7
5,25.8
6,25.4
7,25.4
8,25.6
9,25.6
10,26.0
11,26.8
12,29.0
13,29.2
14,28.2
15,27.5
16,27.4
17,26.9
18,26.5
19,26.4
20,26.4
21,26.3
22,25.8
23,25.7
24,25.4
1,25.5
2,25.4
3,24.8
4,24.7
5,24.9
6,25.1
7,25.6
8,26.5
9,26.7
10,26.0
11,26.2
12,26.2
13,26.5
14,26.8
15,25.7
16,25.4
17,24.8
18,24.9
19,24.8
20,24.6
21,24.1
22,24.2
23,24.1
24,24.0
1,23.5
2,23.1
3,22.9
4,23.3
5,23.4
6,23.2
7,23.8
8,23.7
9,24.2
10,24.0
11,24.3
12,25.1
13,24.7
14,25.5
15,25.4
16,25.0
17,25.3
18,25.0
19,24.9
20,24.6
21,24.9
22,23.7
23,23.3
24,23.3
1,23.2
2,23.3
3,23.3
4,23.0
5,22.8
6,22.7
7,22.7
8,22.5
9,22.7
10,23.4
11,24.5
12,24.0
13,23.8
14,23.8
15,23.8
16,23.4
17,22.5
18,22.6
19,22.6
20,22.5
21,22.5
22,22.6
23,22.6
24,21.6
1,21.5
2,21.0
3,20.9
4,20.9
5,21.1
6,20.7
7,20.6
8,21.2
9,21.2
10,21.9
11,22.6
12,22.3
13,22.5
14,23.2
15,22.3
16,22.2
17,22.3
18,22.6
19,22.6
20,22.4
21,22.3
22,22.3
23,22.2
24,22.1
1,22.1
2,21.8
3,21.7
4,21.7
5,21.5
6,21.5
7,21.4
8,21.7
9,22.1
10,22.7
11,23.0
12,24.0
13,24.5
14,24.2
15,24.6
16,22.7
17,21.9
18,21.4
19,21.2
20,20.7
21,19.7
22,19.5
23,19.7
24,19.8
1,19.5
2,19.3
3,19.6
4,19.2
5,19.6
6,19.7
7,20.0
8,20.4
9,21.2
10,21.4
11,22.4
12,24.8
13,25.3
14,25.0
15,24.7
16,23.8
17,23.2
18,23.0
19,23.0
20,22.7
21,22.3
22,22.4
23,21.3
24,21.0
1,21.1
2,20.7
3,20.3
4,20.2
5,20.4
6,20.1
7,20.4
8,21.7
9,21.9
10,22.1
11,23.1
12,23.2
13,24.7
14,23.4
15,23.2
16,22.7
17,22.9
18,23.0
19,23.0
20,22.3
21,22.5
22,22.5
23,21.8
24,22.1
1,21.9
2,21.8
3,22.1
4,22.2
5,22.0
6,21.9
7,22.0
8,22.6
9,23.5
10,24.1
11,23.9
12,24.5
13,25.0
14,25.0
15,24.9
16,24.5
17,23.9
18,23.6
19,23.0
20,22.5
21,22.0
22,22.1
23,21.9
24,21.7
1,21.0
2,20.6
3,20.1
4,19.7
5,19.4
6,19.3
7,20.5
8,22.8
9,24.1
10,24.6
11,25.7
12,26.5
13,26.8
14,26.6
15,25.1
16,24.5
17,23.8
18,23.8
19,23.6
20,23.4
21,23.2
22,23.1
23,22.8
24,22.6
1,22.0
2,21.1
3,20.8
4,20.5
5,20.6
6,20.8
7,21.3
8,22.0
9,23.6
10,24.3
11,23.6
12,24.1
13,24.5
14,26.0
15,24.8
16,24.6
17,24.3
18,24.0
19,24.0
20,23.9
21,23.4
22,23.2
23,22.8
24,21.8
1,21.9
2,22.0
3,21.9
4,21.5
5,21.7
6,20.8
7,21.0
8,21.4
9,21.9
10,22.7
11,23.0
12,22.6
13,22.8
14,23.2
15,23.4
16,22.7
17,22.4
18,22.6
19,22.5
20,21.7
21,21.0
22,20.7
23,20.7
24,21.0
1,21.4
2,20.6
3,19.9
4,19.9
5,19.9
6,20.1
7,21.0
8,22.3
9,22.8
10,23.3
11,25.0
12,23.5
13,24.7
14,23.7
15,23.9
16,22.5
17,22.3
18,22.3
19,22.6
20,22.7
21,22.7
22,22.7
23,22.8
24,22.7
1,22.0
2,21.2
3,21.1
4,20.8
5,20.7
6,20.6
7,20.4
8,20.6
9,20.6
10,20.5
11,20.2
12,20.2
13,20.4
14,19.6
15,19.2
16,20.0
17,20.3
18,20.5
19,20.3
20,20.8
21,20.5
22,18.9
23,19.1
24,20.2
1,19.4
2,19.8
3,19.7
4,19.4
5,20.4
6,20.5
7,20.8
8,21.3
9,22.0
10,22.5
11,22.9
12,22.9
13,23.0
14,22.6
15,22.2
16,21.8
17,21.8
18,21.7
19,21.8
20,21.7
21,21.6
22,21.6
23,20.4
24,20.7
1,21.0
2,21.1
3,21.1
4,20.8
5,20.7
6,20.8
7,21.4
8,21.9
9,22.8
10,23.2
11,24.5
12,26.7
13,26.9
14,27.0
15,27.7
16,26.4
17,25.5
18,24.7
19,24.4
20,24.1
21,24.1
22,23.9
23,23.8
24,24.0
1,23.8
2,23.2
3,22.9
4,22.8
5,22.0
6,22.1
7,22.6
8,23.4
9,25.7
10,27.3
11,29.2
12,30.2
13,28.8
14,28.2
15,27.5
16,27.5
17,26.7
18,26.5
19,26.4
20,25.7
21,25.6
22,25.6
23,25.4
24,25.0
1,23.7
2,23.7
3,23.6
4,23.2
5,23.2
6,23.3
7,23.3
8,23.6
9,23.7
10,23.9
11,23.8
12,23.5
13,23.2
14,23.0
15,22.9
16,22.5
17,22.2
18,22.1
19,22.4
20,21.7
21,22.1
22,22.7
23,21.4
24,21.8
1,22.6
2,22.9
3,22.9
4,20.8
5,20.3
6,19.6
7,19.5
8,19.8
9,19.8
10,19.6
11,19.7
12,19.9
13,20.1
14,19.3
15,19.2
16,19.4
17,18.6
18,17.9
19,17.8
20,18.1
21,18.2
22,19.4
23,18.3
24,19.1
1,19.8
2,19.6
3,19.4
4,19.4
5,19.2
6,19.0
7,19.3
8,20.0
9,20.8
10,20.9
11,21.2
12,21.4
13,21.2
14,21.6
15,21.6
16,21.6
17,21.3
18,20.9
19,20.9
20,21.2
21,21.2
22,21.8
23,22.0
24,22.0
1,22.4
2,22.9
3,23.0
4,23.0
5,23.1
6,23.0
7,23.6
8,24.6
9,25.9
10,27.1
11,27.9
12,28.2
13,28.1
14,28.2
15,28.3
16,28.0
17,27.1
18,26.5
19,26.5
20,26.1
21,25.6
22,25.5
23,25.8
24,26.1
1,26.1
2,26.3
3,26.3
4,26.8
5,27.1
6,26.6
7,26.4
8,27.9
9,29.0
10,30.0
11,29.9
12,30.1
13,31.7
14,31.1
15,30.3
16,28.4
17,27.6
18,27.2
19,26.7
20,25.5
21,25.1
22,25.2
23,24.7
24,24.5
1,24.2
2,23.9
3,23.8
4,23.8
5,23.4
6,22.9
7,22.9
8,22.8
9,23.3
10,24.1
11,24.8
12,24.9
13,25.5
14,25.1
15,24.6
16,24.5
17,23.4
18,23.4
19,23.3
20,23.4
21,23.3
22,23.1
23,22.7
24,22.8
1,22.9
2,22.9
3,22.5
4,22.2
5,22.2
6,22.3
7,22.3
8,22.6
9,23.0
10,23.2
11,24.8
12,24.1
13,23.7
14,23.8
15,24.3
16,23.7
17,23.8
18,23.8
19,23.8
20,23.9
21,24.1
22,24.3
23,25.0
24,24.7
1,24.5
2,24.3
3,24.2
4,24.1
5,24.1
6,24.0
7,24.1
8,26.0
9,27.6
10,29.5
11,29.9
12,30.4
13,31.0
14,31.5
15,30.3
16,29.2
17,28.4
18,27.3
19,26.9
20,26.6
21,26.3
22,26.3
23,25.3
24,25.1
1,24.7
2,24.8
3,24.7
4,23.9
5,23.1
6,22.8
7,22.5
8,22.5
9,22.1
10,22.0
11,21.9
12,21.8
13,21.9
14,21.7
15,22.0
16,22.0
17,21.8
18,21.4
19,20.7
20,20.9
21,21.0
22,20.7
23,20.6
24,20.6
1,20.5
2,20.4
3,20.6
4,20.7
5,20.8
6,20.9
7,20.9
8,20.8
9,21.6
10,21.9
11,22.7
12,22.9
13,22.1
14,22.4
15,22.0
16,21.5
17,21.3
18,21.8
19,22.0
20,22.1
21,22.3
22,22.2
23,22.0
24,21.7
1,21.7
2,21.8
3,21.6
4,21.5
5,21.2
6,21.5
7,21.9
8,22.4
9,22.5
10,23.1
11,23.9
12,24.2
13,24.0
14,24.1
15,23.6
16,23.2
17,23.2
18,22.9
19,23.0
20,23.1
21,23.2
22,23.4
23,23.4
24,23.1
1,23.2
2,23.2
3,22.6
4,22.4
5,22.6
6,22.4
7,22.5
8,23.0
9,24.1
10,23.5
11,23.8
12,24.2
13,24.0
14,23.5
15,23.9
16,23.2
17,22.5
18,22.5
19,22.5
20,22.0
21,22.3
22,22.4
23,22.2
24,22.3
1,22.4
2,22.2
3,22.3
4,22.3
5,22.3
6,22.3
7,22.5
8,22.7
9,24.0
10,24.2
11,25.1
12,25.3
13,24.9
14,24.2
15,24.1
16,24.1
17,24.0
18,23.7
19,23.8
20,23.7
21,23.8
22,23.8
23,23.7
24,23.5
1,23.5
2,23.4
3,23.4
4,23.3
5,23.1
6,23.0
7,23.4
8,24.5
9,25.7
10,26.5
11,27.3
12,27.5
13,28.2
14,28.5
15,28.4
16,27.3
17,26.4
18,25.9
19,25.6
20,25.5
21,25.5
22,25.5
23,25.0
24,24.6
1,24.5
2,24.4
3,24.2
4,24.0
5,24.1
6,23.7
7,23.9
8,24.1
9,25.8
10,26.7
11,28.1
12,29.4
13,30.1
14,30.5
15,28.2
16,27.7
17,27.1
18,26.2
19,26.3
20,26.5
21,26.4
22,25.9
23,25.3
24,24.9
1,24.7
2,24.6
3,24.2
4,24.4
5,24.5
6,24.3
7,23.6
8,22.9
9,22.9
10,22.7
11,22.1
12,22.3
13,22.1
14,21.9
15,21.1
16,20.6
17,20.0
18,19.2
19,18.7
20,18.3
21,18.0
22,17.6
23,17.5
24,17.0
1,16.8
2,16.6
3,16.7
4,16.9
5,16.7
6,16.5
7,16.7
8,17.0
9,17.1
10,18.2
11,18.8
12,19.3
13,18.6
14,19.2
15,18.2
16,17.4
17,17.4
18,17.3
19,17.6
20,17.6
21,17.8
22,17.9
23,18.1
24,18.1
1,18.3
2,18.3
3,18.4
4,18.4
5,18.6
6,18.7
7,18.9
8,19.2
9,19.5
10,19.3
11,19.7
12,19.4
13,19.4
14,19.5
15,19.4
16,19.3
17,19.1
18,19.1
19,19.2
20,18.5
21,18.5
22,18.6
23,18.6
24,18.6
1,18.6
2,18.7
3,18.7
4,18.7
5,18.7
6,18.9
7,19.1
8,19.6
9,20.4
10,21.1
11,22.0
12,22.5
13,23.1
14,22.6
15,23.0
16,23.4
17,23.1
18,22.9
19,22.8
20,22.6
21,22.3
22,22.2
23,21.9
24,22.1
1,22.0
2,21.6
3,21.6
4,21.4
5,21.0
6,20.9
7,20.9
8,21.4
9,21.4
10,21.4
11,20.9
12,21.1
13,20.4
14,19.6
15,19.3
16,18.9
17,18.8
18,18.8
19,18.5
20,18.3
21,18.3
22,18.1
23,18.1
24,17.9
1,17.5
2,17.5
3,17.2
4,16.5
5,16.3
6,16.4
7,16.6
8,17.1
9,16.9
10,17.0
11,17.2
12,17.0
13,17.2
14,17.4
15,17.3
16,17.1
17,17.0
18,17.4
19,17.7
20,17.9
21,18.2
22,18.4
23,18.1
24,18.0
1,18.3
2,17.7
3,17.7
4,17.8
5,18.1
6,18.3
7,18.6
8,18.4
9,18.5
10,18.2
11,18.0
12,18.2
13,18.0
14,18.2
15,18.7
16,18.9
17,19.1
18,18.7
19,18.8
20,18.8
21,18.7
22,17.6
23,17.7
24,18.0
1,18.1
2,17.6
3,17.7
4,18.0
5,18.2
6,18.3
7,18.2
8,18.0
9,18.1
10,18.3
11,18.4
12,18.5
13,18.4
14,18.5
15,18.2
16,18.6
17,19.3
18,19.1
19,18.9
20,18.9
21,18.8
22,19.0
23,19.0
24,19.1
1,19.0
2,18.9
3,19.2
4,19.1
5,19.1
6,19.3
7,19.6
8,20.6
9,21.2
10,21.5
11,22.0
12,22.7
13,22.0
14,22.4
15,21.6
16,21.0
17,20.9
18,20.8
19,20.7
20,20.3
21,20.2
22,20.2
23,20.0
24,20.0
1,20.0
2,19.8
3,19.7
4,19.6
5,19.6
6,19.8
7,19.6
8,20.1
9,21.3
10,21.8
11,22.7
12,22.1
13,22.5
14,22.5
15,22.7
16,22.4
17,22.3
18,22.2
19,22.6
20,22.7
21,23.1
22,23.3
23,23.2
24,23.3
1,23.3
2,23.2
3,23.2
4,22.9
5,22.5
6,22.3
7,23.0
8,24.4
9,26.7
10,27.4
11,28.6
12,29.5
13,30.0
14,30.1
15,29.2
16,28.1
17,27.1
18,26.5
19,25.8
20,26.1
21,25.9
22,25.7
23,25.9
24,25.8
1,25.6
2,25.7
3,26.1
4,25.6
5,24.5
6,23.0
7,22.8
8,25.5
9,28.5
10,29.6
11,28.9
12,29.7
13,29.8
14,29.1
15,26.5
16,25.1
17,24.1
18,24.1
19,24.2
20,24.0
21,23.6
22,23.9
23,23.6
24,23.7
1,23.9
2,24.0
3,23.7
4,23.0
5,22.5
6,22.1
7,22.4
8,22.9
9,23.5
10,24.1
11,23.8
12,23.6
13,24.3
14,23.4
15,22.8
16,22.0
17,21.6
18,21.4
19,21.1
20,20.7
21,20.6
22,20.2
23,19.8
24,19.6
1,19.5
2,19.4
3,19.3
4,19.1
5,19.2
6,19.0
7,19.0
8,19.3
9,19.0
10,19.7
11,19.9
12,20.0
13,19.6
14,19.0
15,19.4
16,19.3
17,19.2
18,19.0
19,19.1
20,18.8
21,19.0
22,19.0
23,18.9
24,18.8
1,18.7
2,18.6
3,18.4
4,18.3
5,18.3
6,18.3
7,18.3
8,18.6
9,18.9
10,19.2
11,19.7
12,19.8
13,19.9
14,20.0
15,20.1
16,20.0
17,19.8
18,20.0
19,20.2
20,20.4
21,20.4
22,20.0
23,19.8
24,19.4
1,19.5
2,19.4
3,19.7
4,19.7
5,19.4
6,19.5
7,19.8
8,20.3
9,20.8
10,21.7
11,21.5
12,21.7
13,21.1
14,20.8
15,20.7
16,20.4
17,20.0
18,20.1
19,20.2
20,20.3
21,20.5
22,20.8
23,20.9
24,20.4
1,20.2
2,20.3
3,20.0
4,19.8
5,19.9
6,19.8
7,19.7
8,20.0
9,20.5
10,20.8
11,22.7
12,21.0
13,20.8
14,20.3
15,20.1
16,19.8
17,19.8
18,19.7
19,19.6
20,19.3
21,19.3
22,18.9
23,18.7
24,18.6
1,18.7
2,18.6
3,18.3
4,18.1
5,17.7
6,16.6
7,15.7
8,15.6
9,16.0
10,16.6
11,16.9
12,16.7
13,16.6
14,16.6
15,16.8
16,16.7
17,16.6
18,16.7
19,16.7
20,16.8
21,16.7
22,16.7
23,16.5
24,16.6
1,16.6
2,16.6
3,16.6
4,16.2
5,15.8
6,15.7
7,15.5
8,16.2
9,16.9
10,16.6
11,16.4
12,16.3
13,16.6
14,16.4
15,16.3
16,16.5
17,16.7
18,16.8
19,17.2
20,16.8
21,17.0
22,16.7
23,16.4
24,16.6
1,16.6
2,16.7
3,16.8
4,16.5
5,16.5
6,16.7
7,16.7
8,17.0
9,17.6
10,18.3
11,18.4
12,18.1
13,18.1
14,17.9
15,17.4
16,17.6
17,17.6
18,17.8
19,17.6
20,17.2
21,17.2
22,16.9
23,16.8
24,16.5
1,16.2
2,15.4
3,15.0
4,15.1
5,14.6
6,14.4
7,14.8
8,14.9
9,14.8
10,15.2
11,15.7
12,15.8
13,15.7
14,15.6
15,15.6
16,15.5
17,15.4
18,15.5
19,15.4
20,15.5
21,15.1
22,13.7
23,13.8
24,13.8
1,13.9
2,13.7
3,14.5
4,14.5
5,14.1
6,13.6
7,13.9
8,14.1
9,14.3
10,14.8
11,15.3
12,15.6
13,15.8
14,16.1
15,16.4
16,16.6
17,16.6
18,16.3
19,16.6
20,16.4
21,16.6
22,16.4
23,15.1
24,14.3
1,13.5
2,13.4
3,13.3
4,13.0
5,12.9
6,13.0
7,13.1
8,14.4
9,16.4
10,19.0
11,20.1
12,20.1
13,20.5
14,21.9
15,21.5
16,20.2
17,19.1
18,18.8
19,18.0
20,17.7
21,18.3
22,19.2
23,18.9
24,18.9
1,18.8
2,18.6
3,18.1
4,17.7
5,17.7
6,17.8
7,17.6
8,17.7
9,17.9
10,18.1
11,18.3
12,18.2
13,18.1
14,18.0
15,17.9
16,17.9
17,17.9
18,18.0
19,18.1
20,18.1
21,18.3
22,18.3
23,18.5
24,18.2
1,18.3
2,18.1
3,18.0
4,17.8
5,16.5
6,16.6
7,16.4
8,16.4
9,16.5
10,16.6
11,17.1
12,17.0
13,16.9
14,17.1
15,17.0
16,16.9
17,16.8
18,17.1
19,17.0
20,16.9
21,16.9
22,17.0
23,17.0
24,17.2
1,17.1
2,17.1
3,17.3
4,17.8
5,17.9
6,18.0
7,17.9
8,18.2
9,18.5
10,18.0
11,18.2
12,18.0
13,18.4
14,18.3
15,18.1
16,17.6
17,17.3
18,16.7
19,16.4
20,16.5
21,16.3
22,16.4
23,16.3
24,16.2
1,16.3
2,17.5
3,17.7
4,17.6
5,17.6
6,17.5
7,18.0
8,18.1
9,20.3
10,21.1
11,20.9
12,20.7
13,20.5
14,20.1
15,19.4
16,19.7
17,19.5
18,19.4
19,19.6
20,19.7
21,19.4
22,19.2
23,19.0
24,19.1
1,18.8
2,18.9
3,19.0
4,19.1
5,19.1
6,18.7
7,19.0
8,20.2
9,20.6
10,22.7
11,23.4
12,23.3
13,23.7
14,23.7
15,23.6
16,22.8
17,22.4
18,22.0
19,21.7
20,21.3
21,21.1
22,20.7
23,20.1
24,20.0
1,19.8
2,19.5
3,19.7
4,19.5
5,19.2
6,18.5
7,18.5
8,19.0
9,19.3
10,19.4
11,19.5
12,18.6
13,18.1
14,17.9
15,17.1
16,16.4
17,16.0
18,15.4
19,15.2
20,15.0
21,14.9
22,14.7
23,14.2
24,13.8
1,13.6
2,13.4
3,13.2
4,12.9
5,13.2
6,12.9
7,13.1
8,13.1
9,13.0
10,13.4
11,13.0
12,13.4
13,13.6
14,13.8
15,14.0
16,13.6
17,13.3
18,13.4
19,13.5
20,13.7
21,14.0
22,14.2
23,14.1
24,14.3
1,14.5
2,14.7
3,14.3
4,14.2
5,13.8
6,13.7
7,13.8
8,14.1
9,14.5
10,14.8
11,15.0
12,15.3
13,15.3
14,15.4
15,15.3
16,15.4
17,15.1
18,14.9
19,14.9
20,14.9
21,14.7
22,14.7
23,14.7
24,14.8
1,14.6
2,14.8
3,14.8
4,14.6
5,14.3
6,14.1
7,14.0
8,14.1
9,13.6
10,13.7
11,14.0
12,14.2
13,14.2
14,14.4
15,14.4
16,14.6
17,14.7
18,14.9
19,15.0
20,14.5
21,14.6
22,14.4
23,14.7
24,15.0
1,15.2
2,14.8
3,14.8
4,14.9
5,15.1
6,15.5
7,15.3
8,16.5
9,17.2
10,18.5
11,19.2
12,19.1
13,19.1
14,17.8
15,18.3
16,17.5
17,16.4
18,16.0
19,15.8
20,15.6
21,15.3
22,15.3
23,14.9
24,15.4
1,15.3
2,15.3
3,15.1
4,15.0
5,14.9
6,15.2
7,14.9
8,15.6
9,16.4
10,17.1
11,17.3
12,17.4
13,18.0
14,17.7
15,18.3
16,17.6
17,17.1
18,17.1
19,17.3
20,17.2
21,17.2
22,17.2
23,17.3
24,17.4
1,17.4
2,17.1
3,17.2
4,17.1
5,16.9
6,16.8
7,16.7
8,18.0
9,19.9
10,21.7
11,22.3
12,23.4
13,23.6
14,23.7
15,23.1
16,22.1
17,21.1
18,20.7
19,20.6
20,20.4
21,20.4
22,20.2
23,20.2
24,20.2
1,20.3
2,20.6
3,20.5
4,19.7
5,18.4
6,18.2
7,16.9
8,18.7
9,22.6
10,24.1
11,25.6
12,25.9
13,26.2
14,25.9
15,25.2
16,23.9
17,23.2
18,22.4
19,21.1
20,20.6
21,19.8
22,19.4
23,18.9
24,18.3
1,18.0
2,17.7
3,17.3
4,17.0
5,16.8
6,17.3
7,17.6
8,18.4
9,19.1
10,19.8
11,21.0
12,22.2
13,22.0
14,23.6
15,21.8
16,20.7
17,19.8
18,19.7
19,19.4
20,19.1
21,19.0
22,18.8
23,18.4
24,18.2
1,17.8
2,17.5
3,17.2
4,16.8
5,16.4
6,16.1
7,16.1
8,16.1
9,16.3
10,17.1
11,16.8
12,16.7
13,17.2
14,17.4
15,18.1
16,17.6
17,17.1
18,17.1
19,17.1
20,17.7
21,17.7
22,17.6
23,17.6
24,17.7
1,17.5
2,17.6
3,17.9
4,17.9
5,17.9
6,18.0
7,18.1
8,18.2
9,18.4
10,19.0
11,19.4
12,20.3
13,20.2
14,20.3
15,19.5
16,19.1
17,18.7
18,18.5
19,18.6
20,18.6
21,18.5
22,18.1
23,17.8
24,17.9
1,18.0
2,18.0
3,17.8
4,17.8
5,17.7
6,17.6
7,17.3
8,17.9
9,18.5
10,18.7
11,19.1
12,19.1
13,20.1
14,20.1
15,20.3
16,20.0
17,19.5
18,19.2
19,19.3
20,19.2
21,19.3
22,19.4
23,19.3
24,19.1
1,19.1
2,18.9
3,19.1
4,18.6
5,18.5
6,18.5
7,18.6
8,19.6
9,21.2
10,22.2
11,22.9
12,23.2
13,23.4
14,22.8
15,22.1
16,22.2
17,21.9
18,21.7
19,21.5
20,20.9
21,20.8
22,20.3
23,19.9
24,18.8
1,18.7
2,18.4
3,18.3
4,18.6
5,18.5
6,18.7
7,18.6
8,18.9
9,19.4
10,20.1
11,21.9
12,22.8
13,22.7
14,21.4
15,21.1
16,19.9
17,18.7
18,18.4
19,18.4
20,18.6
21,18.8
22,18.5
23,18.8
24,18.9
1,18.5
2,17.9
3,17.8
4,17.7
5,17.7
6,17.7
7,17.4
8,17.5
9,17.7
10,18.0
11,18.2
12,18.8
13,20.2
14,20.8
15,19.3
16,18.6
17,18.2
18,18.1
19,17.9
20,18.3
21,17.8
22,17.7
23,17.8
24,17.7
1,17.7
2,17.0
3,16.9
4,16.5
5,16.4
6,16.4
7,16.7
8,16.4
9,16.3
10,16.0
11,15.9
12,15.7
13,15.4
14,15.3
15,15.3
16,15.0
17,15.2
18,15.6
19,15.7
20,15.5
21,15.7
22,15.7
23,15.6
24,15.5
